score	jaccard	support	nameMatch	descMatch	lostSymbol	gainedSymbol
2.335	0.898	132	true	true	net/minecraftforge/common/ForgeConfigSpec$Builder#<init>()V	net/neoforged/neoforge/common/ModConfigSpec$Builder#<init>()V
2.267	0.872	68	true	true	net/minecraftforge/fluids/FluidStack#getAmount()I	net/neoforged/neoforge/fluids/FluidStack#getAmount()I
2.264	0.871	101	true	true	net/minecraftforge/fml/ModLoadingContext#registerConfig(Lnet/minecraftforge/fml/config/ModConfig$Type;Lnet/minecraftforge/fml/config/IConfigSpec;)V	net/neoforged/fml/ModContainer#registerConfig(Lnet/neoforged/fml/config/ModConfig$Type;Lnet/neoforged/fml/config/IConfigSpec;)V
2.191	0.843	75	true	true	net/minecraftforge/common/ForgeConfigSpec$IntValue#get()Ljava/lang/Object;	net/neoforged/neoforge/common/ModConfigSpec$IntValue#get()Ljava/lang/Object;
2.185	0.840	79	true	true	net/minecraftforge/common/ForgeConfigSpec$ConfigValue#get()Ljava/lang/Object;	net/neoforged/neoforge/common/ModConfigSpec$ConfigValue#get()Ljava/lang/Object;
2.167	0.833	190	true	true	net/minecraftforge/eventbus/api/IEventBus#addListener(Ljava/util/function/Consumer;)V	net/neoforged/bus/api/IEventBus#addListener(Ljava/util/function/Consumer;)V
2.097	0.806	75	true	true	net/minecraftforge/common/ForgeConfigSpec$BooleanValue#get()Ljava/lang/Object;	net/neoforged/neoforge/common/ModConfigSpec$BooleanValue#get()Ljava/lang/Object;
2.056	0.791	68	true	true	net/minecraftforge/fml/config/ModConfig$Type#CLIENT:Lnet/minecraftforge/fml/config/ModConfig$Type;	net/neoforged/fml/config/ModConfig$Type#CLIENT:Lnet/neoforged/fml/config/ModConfig$Type;
2.053	0.789	75	true	true	net/minecraftforge/data/event/GatherDataEvent#getGenerator()Lnet/minecraft/data/DataGenerator;	net/neoforged/neoforge/data/event/GatherDataEvent#getGenerator()Lnet/minecraft/data/DataGenerator;
2.044	0.786	136	true	true	net/minecraftforge/fml/ModList#get()Lnet/minecraftforge/fml/ModList;	net/neoforged/fml/ModList#get()Lnet/neoforged/fml/ModList;
2.009	0.773	68	true	true	net/minecraftforge/data/event/GatherDataEvent#getExistingFileHelper()Lnet/minecraftforge/common/data/ExistingFileHelper;	net/neoforged/neoforge/data/event/GatherDataEvent#getExistingFileHelper()Lnet/neoforged/neoforge/common/data/ExistingFileHelper;
1.999	0.769	113	true	true	net/minecraftforge/fml/ModList#isLoaded(Ljava/lang/String;)Z	net/neoforged/fml/ModList#isLoaded(Ljava/lang/String;)Z
1.950	0.750	108	true	true	net/minecraftforge/registries/DeferredRegister#create(Lnet/minecraft/resources/ResourceKey;Ljava/lang/String;)Lnet/minecraftforge/registries/DeferredRegister;	net/neoforged/neoforge/registries/DeferredRegister#create(Lnet/minecraft/resources/ResourceKey;Ljava/lang/String;)Lnet/neoforged/neoforge/registries/DeferredRegister;
1.903	0.732	71	true	true	net/minecraftforge/fml/config/ModConfig$Type#COMMON:Lnet/minecraftforge/fml/config/ModConfig$Type;	net/neoforged/fml/config/ModConfig$Type#COMMON:Lnet/neoforged/fml/config/ModConfig$Type;
1.836	0.706	101	true	true	net/minecraftforge/eventbus/api/IEventBus#register(Ljava/lang/Object;)V	net/neoforged/bus/api/IEventBus#register(Ljava/lang/Object;)V
1.812	0.697	115	true	true	net/minecraftforge/registries/RegistryObject#get()Ljava/lang/Object;	net/neoforged/neoforge/registries/DeferredHolder#get()Ljava/lang/Object;
1.771	0.886	93	true	false	net/minecraftforge/common/ForgeConfigSpec$Builder#build()Lnet/minecraftforge/common/ForgeConfigSpec;	net/neoforged/neoforge/common/ModConfigSpec$Builder#build()Lnet/neoforged/neoforge/common/ModConfigSpec;
1.752	0.876	106	true	false	net/minecraftforge/common/ForgeConfigSpec$Builder#push(Ljava/lang/String;)Lnet/minecraftforge/common/ForgeConfigSpec$Builder;	net/neoforged/neoforge/common/ModConfigSpec$Builder#push(Ljava/lang/String;)Lnet/neoforged/neoforge/common/ModConfigSpec$Builder;
1.748	0.874	104	true	false	net/minecraftforge/common/ForgeConfigSpec$Builder#pop()Lnet/minecraftforge/common/ForgeConfigSpec$Builder;	net/neoforged/neoforge/common/ModConfigSpec$Builder#pop()Lnet/neoforged/neoforge/common/ModConfigSpec$Builder;
1.724	0.862	106	true	false	net/minecraftforge/common/ForgeConfigSpec$Builder#define(Ljava/lang/String;Z)Lnet/minecraftforge/common/ForgeConfigSpec$BooleanValue;	net/neoforged/neoforge/common/ModConfigSpec$Builder#define(Ljava/lang/String;Z)Lnet/neoforged/neoforge/common/ModConfigSpec$BooleanValue;
1.723	0.861	118	true	false	net/minecraftforge/common/ForgeConfigSpec$Builder#comment(Ljava/lang/String;)Lnet/minecraftforge/common/ForgeConfigSpec$Builder;	net/neoforged/neoforge/common/ModConfigSpec$Builder#comment(Ljava/lang/String;)Lnet/neoforged/neoforge/common/ModConfigSpec$Builder;
1.716	0.858	133	true	false	net/minecraftforge/registries/DeferredRegister#register(Ljava/lang/String;Ljava/util/function/Supplier;)Lnet/minecraftforge/registries/RegistryObject;	net/neoforged/neoforge/registries/DeferredRegister#register(Ljava/lang/String;Ljava/util/function/Supplier;)Lnet/neoforged/neoforge/registries/DeferredHolder;
1.716	0.858	133	true	false	net/minecraftforge/registries/DeferredRegister#register(Ljava/lang/String;Ljava/util/function/Supplier;)Lnet/minecraftforge/registries/RegistryObject;	net/neoforged/neoforge/registries/DeferredRegister#register(Lnet/neoforged/bus/api/IEventBus;)V
1.712	0.856	89	true	false	net/minecraftforge/common/ForgeConfigSpec$Builder#defineInRange(Ljava/lang/String;III)Lnet/minecraftforge/common/ForgeConfigSpec$IntValue;	net/neoforged/neoforge/common/ModConfigSpec$Builder#defineInRange(Ljava/lang/String;III)Lnet/neoforged/neoforge/common/ModConfigSpec$IntValue;
1.705	0.853	133	true	false	net/minecraftforge/registries/DeferredRegister#register(Lnet/minecraftforge/eventbus/api/IEventBus;)V	net/neoforged/neoforge/registries/DeferredRegister#register(Ljava/lang/String;Ljava/util/function/Supplier;)Lnet/neoforged/neoforge/registries/DeferredHolder;
1.705	0.853	133	true	false	net/minecraftforge/registries/DeferredRegister#register(Lnet/minecraftforge/eventbus/api/IEventBus;)V	net/neoforged/neoforge/registries/DeferredRegister#register(Lnet/neoforged/bus/api/IEventBus;)V
1.674	0.837	72	true	false	net/minecraftforge/eventbus/api/IEventBus#post(Lnet/minecraftforge/eventbus/api/Event;)Z	net/neoforged/bus/api/IEventBus#post(Lnet/neoforged/bus/api/Event;)Lnet/neoforged/bus/api/Event;
1.644	0.632	98	true	true	net/minecraftforge/registries/IForgeRegistry#getKey(Ljava/lang/Object;)Lnet/minecraft/resources/ResourceLocation;	net/minecraft/core/DefaultedRegistry#getKey(Ljava/lang/Object;)Lnet/minecraft/resources/ResourceLocation;
1.626	0.813	174	true	false	net/minecraftforge/common/MinecraftForge#EVENT_BUS:Lnet/minecraftforge/eventbus/api/IEventBus;	net/neoforged/neoforge/common/NeoForge#EVENT_BUS:Lnet/neoforged/bus/api/IEventBus;
1.581	0.988	85	false	true	net/minecraft/world/level/block/state/BlockBehaviour$Properties#m_60978_(F)Lnet/minecraft/world/level/block/state/BlockBehaviour$Properties;	net/minecraft/world/level/block/state/BlockBehaviour$Properties#strength(F)Lnet/minecraft/world/level/block/state/BlockBehaviour$Properties;
1.560	0.600	63	true	true	net/minecraftforge/common/ForgeConfigSpec$IntValue#get()Ljava/lang/Object;	net/neoforged/neoforge/common/ModConfigSpec$BooleanValue#get()Ljava/lang/Object;
1.556	0.972	105	false	true	net/minecraft/world/level/block/state/BlockBehaviour$Properties#m_60918_(Lnet/minecraft/world/level/block/SoundType;)Lnet/minecraft/world/level/block/state/BlockBehaviour$Properties;	net/minecraft/world/level/block/state/BlockBehaviour$Properties#sound(Lnet/minecraft/world/level/block/SoundType;)Lnet/minecraft/world/level/block/state/BlockBehaviour$Properties;
1.547	0.967	174	false	true	net/minecraft/world/item/ItemStack#m_41619_()Z	net/minecraft/world/item/ItemStack#isEmpty()Z
1.527	0.954	208	false	true	net/minecraft/network/chat/Component#m_237115_(Ljava/lang/String;)Lnet/minecraft/network/chat/MutableComponent;	net/minecraft/network/chat/Component#translatable(Ljava/lang/String;)Lnet/minecraft/network/chat/MutableComponent;
1.526	0.953	123	false	true	net/minecraft/world/level/block/state/StateDefinition$Builder#m_61104_([Lnet/minecraft/world/level/block/state/properties/Property;)Lnet/minecraft/world/level/block/state/StateDefinition$Builder;	net/minecraft/world/level/block/state/StateDefinition$Builder#add([Lnet/minecraft/world/level/block/state/properties/Property;)Lnet/minecraft/world/level/block/state/StateDefinition$Builder;
1.524	0.952	80	false	true	net/minecraft/world/level/block/state/BlockBehaviour$Properties#m_60913_(FF)Lnet/minecraft/world/level/block/state/BlockBehaviour$Properties;	net/minecraft/world/level/block/state/BlockBehaviour$Properties#strength(FF)Lnet/minecraft/world/level/block/state/BlockBehaviour$Properties;
1.523	0.952	79	false	true	net/minecraft/client/Minecraft#m_91291_()Lnet/minecraft/client/renderer/entity/ItemRenderer;	net/minecraft/client/Minecraft#getItemRenderer()Lnet/minecraft/client/renderer/entity/ItemRenderer;
1.522	0.952	157	false	true	net/minecraft/world/level/block/state/BlockState#m_61124_(Lnet/minecraft/world/level/block/state/properties/Property;Ljava/lang/Comparable;)Ljava/lang/Object;	net/minecraft/world/level/block/state/BlockState#setValue(Lnet/minecraft/world/level/block/state/properties/Property;Ljava/lang/Comparable;)Ljava/lang/Object;
1.522	0.951	176	false	true	net/minecraft/world/level/block/state/BlockState#m_60734_()Lnet/minecraft/world/level/block/Block;	net/minecraft/world/level/block/state/BlockState#getBlock()Lnet/minecraft/world/level/block/Block;
1.520	0.950	153	false	true	net/minecraft/world/level/block/state/BlockState#m_61143_(Lnet/minecraft/world/level/block/state/properties/Property;)Ljava/lang/Comparable;	net/minecraft/world/level/block/state/BlockState#getValue(Lnet/minecraft/world/level/block/state/properties/Property;)Ljava/lang/Comparable;
1.517	0.948	109	false	true	net/minecraft/util/RandomSource#m_188501_()F	net/minecraft/util/RandomSource#nextFloat()F
1.516	0.948	145	false	true	net/minecraft/world/level/Level#m_8055_(Lnet/minecraft/core/BlockPos;)Lnet/minecraft/world/level/block/state/BlockState;	net/minecraft/world/level/Level#getBlockState(Lnet/minecraft/core/BlockPos;)Lnet/minecraft/world/level/block/state/BlockState;
1.515	0.947	89	false	true	net/minecraft/world/level/Level#m_46597_(Lnet/minecraft/core/BlockPos;Lnet/minecraft/world/level/block/state/BlockState;)Z	net/minecraft/world/level/Level#setBlockAndUpdate(Lnet/minecraft/core/BlockPos;Lnet/minecraft/world/level/block/state/BlockState;)Z
1.514	0.946	70	false	true	net/minecraft/world/phys/BlockHitResult#m_82434_()Lnet/minecraft/core/Direction;	net/minecraft/world/phys/BlockHitResult#getDirection()Lnet/minecraft/core/Direction;
1.511	0.944	170	false	true	net/minecraft/world/item/ItemStack#f_41583_:Lnet/minecraft/world/item/ItemStack;	net/minecraft/world/item/ItemStack#EMPTY:Lnet/minecraft/world/item/ItemStack;
1.506	0.941	96	false	true	net/minecraft/util/RandomSource#m_188503_(I)I	net/minecraft/util/RandomSource#nextInt(I)I
1.499	0.937	133	false	true	net/minecraft/core/Direction#m_122424_()Lnet/minecraft/core/Direction;	net/minecraft/core/Direction#getOpposite()Lnet/minecraft/core/Direction;
1.498	0.936	88	false	true	net/minecraft/world/level/Level#f_46441_:Lnet/minecraft/util/RandomSource;	net/minecraft/world/level/Level#random:Lnet/minecraft/util/RandomSource;
1.496	0.935	173	false	true	net/minecraft/core/BlockPos#m_123342_()I	net/minecraft/core/BlockPos#getY()I
1.496	0.935	72	false	true	net/minecraft/world/level/Level#m_7106_(Lnet/minecraft/core/particles/ParticleOptions;DDDDDD)V	net/minecraft/world/level/Level#addParticle(Lnet/minecraft/core/particles/ParticleOptions;DDDDDD)V
1.492	0.932	69	false	true	net/minecraft/world/phys/shapes/Shapes#m_83040_()Lnet/minecraft/world/phys/shapes/VoxelShape;	net/minecraft/world/phys/shapes/Shapes#empty()Lnet/minecraft/world/phys/shapes/VoxelShape;
1.488	0.930	199	false	true	net/minecraft/client/Minecraft#m_91087_()Lnet/minecraft/client/Minecraft;	net/minecraft/client/Minecraft#getInstance()Lnet/minecraft/client/Minecraft;
1.487	0.929	79	false	true	net/minecraft/world/level/block/state/BlockBehaviour$Properties#m_284180_(Lnet/minecraft/world/level/material/MapColor;)Lnet/minecraft/world/level/block/state/BlockBehaviour$Properties;	net/minecraft/world/level/block/state/BlockBehaviour$Properties#mapColor(Lnet/minecraft/world/level/material/MapColor;)Lnet/minecraft/world/level/block/state/BlockBehaviour$Properties;
1.487	0.929	105	false	true	net/minecraft/world/item/Item$Properties#m_41487_(I)Lnet/minecraft/world/item/Item$Properties;	net/minecraft/world/item/Item$Properties#stacksTo(I)Lnet/minecraft/world/item/Item$Properties;
1.484	0.927	102	false	true	net/minecraft/client/renderer/MultiBufferSource#m_6299_(Lnet/minecraft/client/renderer/RenderType;)Lcom/mojang/blaze3d/vertex/VertexConsumer;	net/minecraft/client/renderer/MultiBufferSource#getBuffer(Lnet/minecraft/client/renderer/RenderType;)Lcom/mojang/blaze3d/vertex/VertexConsumer;
1.483	0.927	127	false	true	net/minecraft/core/BlockPos#m_121945_(Lnet/minecraft/core/Direction;)Lnet/minecraft/core/BlockPos;	net/minecraft/core/BlockPos#relative(Lnet/minecraft/core/Direction;)Lnet/minecraft/core/BlockPos;
1.483	0.927	152	false	true	net/minecraft/network/chat/MutableComponent#m_130940_(Lnet/minecraft/ChatFormatting;)Lnet/minecraft/network/chat/MutableComponent;	net/minecraft/network/chat/MutableComponent#withStyle(Lnet/minecraft/ChatFormatting;)Lnet/minecraft/network/chat/MutableComponent;
1.481	0.926	174	false	true	net/minecraft/core/BlockPos#m_123343_()I	net/minecraft/core/BlockPos#getZ()I
1.481	0.926	174	false	true	net/minecraft/core/BlockPos#m_123343_()I	net/minecraft/core/BlockPos#getX()I
1.481	0.926	174	false	true	net/minecraft/core/BlockPos#m_123341_()I	net/minecraft/core/BlockPos#getZ()I
1.481	0.926	174	false	true	net/minecraft/core/BlockPos#m_123341_()I	net/minecraft/core/BlockPos#getX()I
1.481	0.925	186	false	true	net/minecraft/world/item/ItemStack#m_41720_()Lnet/minecraft/world/item/Item;	net/minecraft/world/item/ItemStack#getItem()Lnet/minecraft/world/item/Item;
1.480	0.925	86	false	true	net/minecraft/world/level/block/state/StateDefinition#m_61090_()Lnet/minecraft/world/level/block/state/StateHolder;	net/minecraft/world/level/block/state/StateDefinition#any()Lnet/minecraft/world/level/block/state/StateHolder;
1.476	0.922	83	false	true	net/minecraft/world/entity/player/Player#m_5661_(Lnet/minecraft/network/chat/Component;Z)V	net/minecraft/world/entity/player/Player#displayClientMessage(Lnet/minecraft/network/chat/Component;Z)V
1.475	0.922	106	false	true	net/minecraft/world/item/ItemStack#m_41774_(I)V	net/minecraft/world/item/ItemStack#shrink(I)V
1.474	0.921	140	false	true	net/minecraft/world/item/ItemStack#m_41613_()I	net/minecraft/world/item/ItemStack#getCount()I
1.469	0.918	90	false	true	net/minecraft/client/renderer/texture/OverlayTexture#f_118083_:I	net/minecraft/client/renderer/texture/OverlayTexture#NO_OVERLAY:I
1.467	0.917	99	false	true	net/minecraft/core/BlockPos#m_7495_()Lnet/minecraft/core/BlockPos;	net/minecraft/core/BlockPos#below()Lnet/minecraft/core/BlockPos;
1.467	0.917	77	false	true	net/minecraft/world/inventory/Slot#m_6657_()Z	net/minecraft/world/inventory/Slot#hasItem()Z
1.465	0.916	87	false	true	net/minecraft/world/level/material/Fluids#f_76193_:Lnet/minecraft/world/level/material/FlowingFluid;	net/minecraft/world/level/material/Fluids#WATER:Lnet/minecraft/world/level/material/FlowingFluid;
1.465	0.916	76	false	true	net/minecraft/world/item/context/BlockPlaceContext#m_8125_()Lnet/minecraft/core/Direction;	net/minecraft/world/item/context/BlockPlaceContext#getHorizontalDirection()Lnet/minecraft/core/Direction;
1.464	0.915	86	false	true	net/minecraft/world/entity/player/Inventory#f_35978_:Lnet/minecraft/world/entity/player/Player;	net/minecraft/world/entity/player/Inventory#player:Lnet/minecraft/world/entity/player/Player;
1.462	0.914	74	false	true	net/minecraft/world/level/material/FluidState#m_76152_()Lnet/minecraft/world/level/material/Fluid;	net/minecraft/world/level/material/FluidState#getType()Lnet/minecraft/world/level/material/Fluid;
1.461	0.562	59	true	true	net/minecraftforge/common/ForgeConfigSpec$BooleanValue#get()Ljava/lang/Object;	net/neoforged/neoforge/common/ModConfigSpec$IntValue#get()Ljava/lang/Object;
1.460	0.913	73	false	true	net/minecraft/world/level/Level#m_7260_(Lnet/minecraft/core/BlockPos;Lnet/minecraft/world/level/block/state/BlockState;Lnet/minecraft/world/level/block/state/BlockState;I)V	net/minecraft/world/level/Level#sendBlockUpdated(Lnet/minecraft/core/BlockPos;Lnet/minecraft/world/level/block/state/BlockState;Lnet/minecraft/world/level/block/state/BlockState;I)V
1.460	0.912	125	false	true	net/minecraft/world/item/CreativeModeTab$Builder#m_257737_(Ljava/util/function/Supplier;)Lnet/minecraft/world/item/CreativeModeTab$Builder;	net/minecraft/world/item/CreativeModeTab$Builder#icon(Ljava/util/function/Supplier;)Lnet/minecraft/world/item/CreativeModeTab$Builder;
1.458	0.911	113	false	true	net/minecraft/network/chat/MutableComponent#m_7220_(Lnet/minecraft/network/chat/Component;)Lnet/minecraft/network/chat/MutableComponent;	net/minecraft/network/chat/MutableComponent#append(Lnet/minecraft/network/chat/Component;)Lnet/minecraft/network/chat/MutableComponent;
1.458	0.911	82	false	true	net/minecraft/world/level/Level#m_6425_(Lnet/minecraft/core/BlockPos;)Lnet/minecraft/world/level/material/FluidState;	net/minecraft/world/level/Level#getFluidState(Lnet/minecraft/core/BlockPos;)Lnet/minecraft/world/level/material/FluidState;
1.456	0.910	71	false	true	net/minecraft/util/RandomSource#m_188500_()D	net/minecraft/util/RandomSource#nextDouble()D
1.456	0.910	111	false	true	net/minecraft/world/entity/player/Player#m_150109_()Lnet/minecraft/world/entity/player/Inventory;	net/minecraft/world/entity/player/Player#getInventory()Lnet/minecraft/world/entity/player/Inventory;
1.451	0.907	117	false	true	net/minecraft/world/item/CreativeModeTab$Builder#m_257941_(Lnet/minecraft/network/chat/Component;)Lnet/minecraft/world/item/CreativeModeTab$Builder;	net/minecraft/world/item/CreativeModeTab$Builder#title(Lnet/minecraft/network/chat/Component;)Lnet/minecraft/world/item/CreativeModeTab$Builder;
1.451	0.907	78	false	true	net/minecraft/world/level/Level#m_7967_(Lnet/minecraft/world/entity/Entity;)Z	net/minecraft/world/level/Level#addFreshEntity(Lnet/minecraft/world/entity/Entity;)Z
1.450	0.907	97	false	true	net/minecraft/core/BlockPos#m_7494_()Lnet/minecraft/core/BlockPos;	net/minecraft/core/BlockPos#above()Lnet/minecraft/core/BlockPos;
1.450	0.906	106	false	true	net/minecraft/world/level/block/state/BlockBehaviour$Properties#m_284310_()Lnet/minecraft/world/level/block/state/BlockBehaviour$Properties;	net/minecraft/world/level/block/state/BlockBehaviour$Properties#of()Lnet/minecraft/world/level/block/state/BlockBehaviour$Properties;
1.449	0.906	77	false	true	net/minecraft/network/chat/Style#f_131099_:Lnet/minecraft/network/chat/Style;	net/minecraft/network/chat/Style#EMPTY:Lnet/minecraft/network/chat/Style;
1.443	0.902	83	false	true	net/minecraft/world/item/context/BlockPlaceContext#m_8083_()Lnet/minecraft/core/BlockPos;	net/minecraft/world/item/context/BlockPlaceContext#getClickedPos()Lnet/minecraft/core/BlockPos;
1.442	0.901	73	false	true	net/minecraft/client/gui/screens/Screen#m_96638_()Z	net/minecraft/client/gui/screens/Screen#hasShiftDown()Z
1.442	0.901	82	false	true	net/minecraft/world/item/context/BlockPlaceContext#m_43725_()Lnet/minecraft/world/level/Level;	net/minecraft/world/item/context/BlockPlaceContext#getLevel()Lnet/minecraft/world/level/Level;
1.440	0.900	117	false	true	net/minecraft/core/registries/Registries#f_279569_:Lnet/minecraft/resources/ResourceKey;	net/minecraft/core/registries/Registries#CREATIVE_MODE_TAB:Lnet/minecraft/resources/ResourceKey;
1.440	0.900	72	false	true	net/minecraft/world/inventory/Slot#m_5852_(Lnet/minecraft/world/item/ItemStack;)V	net/minecraft/world/inventory/Slot#set(Lnet/minecraft/world/item/ItemStack;)V
1.439	0.899	170	false	true	net/minecraft/core/BlockPos#m_123343_()I	net/minecraft/core/BlockPos#getY()I
1.439	0.899	170	false	true	net/minecraft/core/BlockPos#m_123341_()I	net/minecraft/core/BlockPos#getY()I
1.438	0.899	142	false	true	net/minecraft/world/item/ItemStack#m_41777_()Lnet/minecraft/world/item/ItemStack;	net/minecraft/world/item/ItemStack#copy()Lnet/minecraft/world/item/ItemStack;
1.438	0.899	71	false	true	net/minecraft/commands/CommandSourceStack#m_6761_(I)Z	net/minecraft/commands/CommandSourceStack#hasPermission(I)Z
1.436	0.897	70	false	true	net/minecraft/world/entity/player/Player#m_6144_()Z	net/minecraft/world/entity/player/Player#isShiftKeyDown()Z
1.435	0.897	157	false	true	net/minecraft/world/level/Level#f_46443_:Z	net/minecraft/world/level/Level#isClientSide:Z
1.435	0.897	87	false	true	net/minecraft/world/item/context/UseOnContext#m_43725_()Lnet/minecraft/world/level/Level;	net/minecraft/world/item/context/UseOnContext#getLevel()Lnet/minecraft/world/level/Level;
1.435	0.897	87	false	true	net/minecraft/client/gui/Font#m_92895_(Ljava/lang/String;)I	net/minecraft/client/gui/Font#width(Ljava/lang/String;)I
1.433	0.896	86	false	true	net/minecraft/world/item/context/UseOnContext#m_43723_()Lnet/minecraft/world/entity/player/Player;	net/minecraft/world/item/context/UseOnContext#getPlayer()Lnet/minecraft/world/entity/player/Player;
1.432	0.895	94	false	true	net/minecraft/world/inventory/Slot#m_7993_()Lnet/minecraft/world/item/ItemStack;	net/minecraft/world/inventory/Slot#getItem()Lnet/minecraft/world/item/ItemStack;
1.432	0.895	85	false	true	net/minecraft/world/level/block/state/BlockBehaviour$Properties#m_60955_()Lnet/minecraft/world/level/block/state/BlockBehaviour$Properties;	net/minecraft/world/level/block/state/BlockBehaviour$Properties#noOcclusion()Lnet/minecraft/world/level/block/state/BlockBehaviour$Properties;
1.432	0.895	85	false	true	net/minecraft/world/level/Level#m_5594_(Lnet/minecraft/world/entity/player/Player;Lnet/minecraft/core/BlockPos;Lnet/minecraft/sounds/SoundEvent;Lnet/minecraft/sounds/SoundSource;FF)V	net/minecraft/world/level/Level#playSound(Lnet/minecraft/world/entity/player/Player;Lnet/minecraft/core/BlockPos;Lnet/minecraft/sounds/SoundEvent;Lnet/minecraft/sounds/SoundSource;FF)V
1.427	0.892	91	false	true	net/minecraft/client/gui/GuiGraphics#m_280218_(Lnet/minecraft/resources/ResourceLocation;IIIIII)V	net/minecraft/client/gui/GuiGraphics#blit(Lnet/minecraft/resources/ResourceLocation;IIIIII)V
1.424	0.890	81	false	true	net/minecraft/world/phys/BlockHitResult#m_82425_()Lnet/minecraft/core/BlockPos;	net/minecraft/world/phys/BlockHitResult#getBlockPos()Lnet/minecraft/core/BlockPos;
1.424	0.890	170	false	true	net/minecraft/core/BlockPos#m_123342_()I	net/minecraft/core/BlockPos#getZ()I
1.424	0.890	170	false	true	net/minecraft/core/BlockPos#m_123342_()I	net/minecraft/core/BlockPos#getX()I
1.424	0.890	97	false	true	net/minecraft/world/level/block/state/BlockState#m_60713_(Lnet/minecraft/world/level/block/Block;)Z	net/minecraft/world/level/block/state/BlockState#is(Lnet/minecraft/world/level/block/Block;)Z
1.422	0.889	112	false	true	net/minecraft/world/level/block/Blocks#f_50016_:Lnet/minecraft/world/level/block/Block;	net/minecraft/world/level/block/Blocks#AIR:Lnet/minecraft/world/level/block/Block;
1.422	0.889	88	false	true	net/minecraft/world/item/ItemStack#m_41786_()Lnet/minecraft/network/chat/Component;	net/minecraft/world/item/ItemStack#getHoverName()Lnet/minecraft/network/chat/Component;
1.422	0.889	80	false	true	net/minecraft/world/level/block/Block#m_49796_(DDDDDD)Lnet/minecraft/world/phys/shapes/VoxelShape;	net/minecraft/world/level/block/Block#box(DDDDDD)Lnet/minecraft/world/phys/shapes/VoxelShape;
1.419	0.887	102	false	true	net/minecraft/world/item/CreativeModeTab$Builder#m_257501_(Lnet/minecraft/world/item/CreativeModeTab$DisplayItemsGenerator;)Lnet/minecraft/world/item/CreativeModeTab$Builder;	net/minecraft/world/item/CreativeModeTab$Builder#displayItems(Lnet/minecraft/world/item/CreativeModeTab$DisplayItemsGenerator;)Lnet/minecraft/world/item/CreativeModeTab$Builder;
1.418	0.886	70	false	true	net/minecraft/world/phys/Vec3#m_82520_(DDD)Lnet/minecraft/world/phys/Vec3;	net/minecraft/world/phys/Vec3#add(DDD)Lnet/minecraft/world/phys/Vec3;
1.417	0.886	93	false	true	net/minecraft/world/level/Level#m_7731_(Lnet/minecraft/core/BlockPos;Lnet/minecraft/world/level/block/state/BlockState;I)Z	net/minecraft/world/level/Level#setBlock(Lnet/minecraft/core/BlockPos;Lnet/minecraft/world/level/block/state/BlockState;I)Z
1.416	0.885	131	false	true	net/minecraft/client/Minecraft#f_91062_:Lnet/minecraft/client/gui/Font;	net/minecraft/client/Minecraft#font:Lnet/minecraft/client/gui/Font;
1.415	0.885	69	false	true	net/minecraft/client/Minecraft#m_91106_()Lnet/minecraft/client/sounds/SoundManager;	net/minecraft/client/Minecraft#getSoundManager()Lnet/minecraft/client/sounds/SoundManager;
1.413	0.883	121	false	true	net/minecraft/world/level/Level#m_7702_(Lnet/minecraft/core/BlockPos;)Lnet/minecraft/world/level/block/entity/BlockEntity;	net/minecraft/world/level/Level#getBlockEntity(Lnet/minecraft/core/BlockPos;)Lnet/minecraft/world/level/block/entity/BlockEntity;
1.413	0.883	83	false	true	net/minecraft/world/item/context/UseOnContext#m_8083_()Lnet/minecraft/core/BlockPos;	net/minecraft/world/item/context/UseOnContext#getClickedPos()Lnet/minecraft/core/BlockPos;
1.410	0.881	119	false	true	net/minecraft/world/phys/Vec3#f_82481_:D	net/minecraft/world/phys/Vec3#z:D
1.410	0.881	119	false	true	net/minecraft/world/phys/Vec3#f_82481_:D	net/minecraft/world/phys/Vec3#x:D
1.410	0.881	119	false	true	net/minecraft/world/phys/Vec3#f_82479_:D	net/minecraft/world/phys/Vec3#z:D
1.410	0.881	119	false	true	net/minecraft/world/phys/Vec3#f_82479_:D	net/minecraft/world/phys/Vec3#x:D
1.410	0.881	126	false	true	net/minecraft/world/entity/player/Player#m_21120_(Lnet/minecraft/world/InteractionHand;)Lnet/minecraft/world/item/ItemStack;	net/minecraft/world/entity/player/Player#getItemInHand(Lnet/minecraft/world/InteractionHand;)Lnet/minecraft/world/item/ItemStack;
1.409	0.880	162	false	true	net/minecraft/network/chat/Component#m_237113_(Ljava/lang/String;)Lnet/minecraft/network/chat/MutableComponent;	net/minecraft/network/chat/Component#literal(Ljava/lang/String;)Lnet/minecraft/network/chat/MutableComponent;
1.406	0.879	109	false	true	net/minecraft/client/gui/GuiGraphics#m_280168_()Lcom/mojang/blaze3d/vertex/PoseStack;	net/minecraft/client/gui/GuiGraphics#pose()Lcom/mojang/blaze3d/vertex/PoseStack;
1.405	0.878	72	false	true	net/minecraft/world/entity/player/Player#m_21008_(Lnet/minecraft/world/InteractionHand;Lnet/minecraft/world/item/ItemStack;)V	net/minecraft/world/entity/player/Player#setItemInHand(Lnet/minecraft/world/InteractionHand;Lnet/minecraft/world/item/ItemStack;)V
1.405	0.878	151	false	true	net/minecraft/resources/ResourceLocation#m_135815_()Ljava/lang/String;	net/minecraft/resources/ResourceLocation#getPath()Ljava/lang/String;
1.403	0.877	128	false	true	net/minecraft/world/entity/player/Player#m_9236_()Lnet/minecraft/world/level/Level;	net/minecraft/world/entity/player/Player#level()Lnet/minecraft/world/level/Level;
1.402	0.876	78	false	true	net/minecraft/world/item/BlockItem#m_40614_()Lnet/minecraft/world/level/block/Block;	net/minecraft/world/item/BlockItem#getBlock()Lnet/minecraft/world/level/block/Block;
1.400	0.875	91	false	true	net/minecraft/core/Direction#m_122434_()Lnet/minecraft/core/Direction$Axis;	net/minecraft/core/Direction#getAxis()Lnet/minecraft/core/Direction$Axis;
1.397	0.873	69	false	true	net/minecraft/world/entity/item/ItemEntity#m_32055_()Lnet/minecraft/world/item/ItemStack;	net/minecraft/world/entity/item/ItemEntity#getItem()Lnet/minecraft/world/item/ItemStack;
1.397	0.873	110	false	true	net/minecraft/world/item/CreativeModeTab$Builder#m_257652_()Lnet/minecraft/world/item/CreativeModeTab;	net/minecraft/world/item/CreativeModeTab$Builder#build()Lnet/minecraft/world/item/CreativeModeTab;
1.395	0.872	136	false	true	net/minecraft/nbt/CompoundTag#m_128405_(Ljava/lang/String;I)V	net/minecraft/nbt/CompoundTag#putInt(Ljava/lang/String;I)V
1.394	0.871	135	false	true	net/minecraft/nbt/CompoundTag#m_128451_(Ljava/lang/String;)I	net/minecraft/nbt/CompoundTag#getInt(Ljava/lang/String;)I
1.393	0.871	74	false	true	net/minecraft/commands/Commands#m_82127_(Ljava/lang/String;)Lcom/mojang/brigadier/builder/LiteralArgumentBuilder;	net/minecraft/commands/Commands#literal(Ljava/lang/String;)Lcom/mojang/brigadier/builder/LiteralArgumentBuilder;
1.393	0.871	74	false	true	net/minecraft/world/level/block/state/BlockState#m_61138_(Lnet/minecraft/world/level/block/state/properties/Property;)Z	net/minecraft/world/level/block/state/BlockState#hasProperty(Lnet/minecraft/world/level/block/state/properties/Property;)Z
1.391	0.869	113	false	true	net/minecraft/world/phys/Vec3#f_82480_:D	net/minecraft/world/phys/Vec3#y:D
1.390	0.869	139	false	true	net/minecraft/network/chat/Component#m_237110_(Ljava/lang/String;[Ljava/lang/Object;)Lnet/minecraft/network/chat/MutableComponent;	net/minecraft/network/chat/Component#translatable(Ljava/lang/String;[Ljava/lang/Object;)Lnet/minecraft/network/chat/MutableComponent;
1.387	0.867	143	false	true	net/minecraft/client/Minecraft#f_91074_:Lnet/minecraft/client/player/LocalPlayer;	net/minecraft/client/Minecraft#player:Lnet/minecraft/client/player/LocalPlayer;
1.386	0.866	136	false	true	net/minecraft/world/level/block/Block#m_49966_()Lnet/minecraft/world/level/block/state/BlockState;	net/minecraft/world/level/block/Block#defaultBlockState()Lnet/minecraft/world/level/block/state/BlockState;
1.385	0.866	103	false	true	net/minecraft/world/item/ItemStack#m_41764_(I)V	net/minecraft/world/item/ItemStack#setCount(I)V
1.384	0.865	128	false	true	net/minecraft/resources/ResourceLocation#m_135827_()Ljava/lang/String;	net/minecraft/resources/ResourceLocation#getNamespace()Ljava/lang/String;
1.383	0.864	70	false	true	net/minecraft/world/level/block/state/properties/BlockStateProperties#f_61362_:Lnet/minecraft/world/level/block/state/properties/BooleanProperty;	net/minecraft/world/level/block/state/properties/BlockStateProperties#WATERLOGGED:Lnet/minecraft/world/level/block/state/properties/BooleanProperty;
1.381	0.863	82	false	true	net/minecraft/world/entity/player/Player#m_7500_()Z	net/minecraft/world/entity/player/Player#isCreative()Z
1.377	0.861	68	false	true	net/minecraft/world/phys/Vec3#m_7094_()D	net/minecraft/world/phys/Vec3#z()D
1.377	0.861	68	false	true	net/minecraft/world/phys/Vec3#m_7094_()D	net/minecraft/world/phys/Vec3#x()D
1.377	0.861	68	false	true	net/minecraft/world/phys/Vec3#m_7096_()D	net/minecraft/world/phys/Vec3#z()D
1.377	0.861	68	false	true	net/minecraft/world/phys/Vec3#m_7096_()D	net/minecraft/world/phys/Vec3#x()D
1.375	0.860	98	false	true	net/minecraft/world/level/block/state/BlockState#m_60795_()Z	net/minecraft/world/level/block/state/BlockState#isAir()Z
1.375	0.859	116	false	true	net/minecraft/nbt/CompoundTag#m_128471_(Ljava/lang/String;)Z	net/minecraft/nbt/CompoundTag#getBoolean(Ljava/lang/String;)Z
1.373	0.858	115	false	true	net/minecraft/nbt/CompoundTag#m_128379_(Ljava/lang/String;Z)V	net/minecraft/nbt/CompoundTag#putBoolean(Ljava/lang/String;Z)V
1.371	0.857	90	false	true	net/minecraft/client/Minecraft#f_91080_:Lnet/minecraft/client/gui/screens/Screen;	net/minecraft/client/Minecraft#screen:Lnet/minecraft/client/gui/screens/Screen;
1.369	0.856	89	false	true	net/minecraft/world/level/Level#m_46472_()Lnet/minecraft/resources/ResourceKey;	net/minecraft/world/level/Level#dimension()Lnet/minecraft/resources/ResourceKey;
1.369	0.856	77	false	true	net/minecraft/client/Minecraft#m_91152_(Lnet/minecraft/client/gui/screens/Screen;)V	net/minecraft/client/Minecraft#setScreen(Lnet/minecraft/client/gui/screens/Screen;)V
1.364	0.853	81	false	true	net/minecraft/core/BlockPos#m_7918_(III)Lnet/minecraft/core/BlockPos;	net/minecraft/core/BlockPos#offset(III)Lnet/minecraft/core/BlockPos;
1.363	0.852	69	false	true	net/minecraft/core/Direction#m_122431_()I	net/minecraft/core/Direction#getStepZ()I
1.363	0.852	69	false	true	net/minecraft/core/Direction#m_122431_()I	net/minecraft/core/Direction#getStepX()I
1.363	0.852	69	false	true	net/minecraft/core/Direction#m_122429_()I	net/minecraft/core/Direction#getStepZ()I
1.363	0.852	69	false	true	net/minecraft/core/Direction#m_122429_()I	net/minecraft/core/Direction#getStepX()I
1.362	0.851	143	false	true	net/minecraft/nbt/CompoundTag#m_128365_(Ljava/lang/String;Lnet/minecraft/nbt/Tag;)Lnet/minecraft/nbt/Tag;	net/minecraft/nbt/CompoundTag#put(Ljava/lang/String;Lnet/minecraft/nbt/Tag;)Lnet/minecraft/nbt/Tag;
1.358	0.849	73	false	true	net/minecraft/util/Mth#m_14045_(III)I	net/minecraft/util/Mth#clamp(III)I
1.351	0.676	100	true	false	net/minecraftforge/registries/DeferredRegister#create(Lnet/minecraftforge/registries/IForgeRegistry;Ljava/lang/String;)Lnet/minecraftforge/registries/DeferredRegister;	net/neoforged/neoforge/registries/DeferredRegister#create(Lnet/minecraft/resources/ResourceKey;Ljava/lang/String;)Lnet/neoforged/neoforge/registries/DeferredRegister;
1.350	0.844	81	false	true	net/minecraft/world/level/block/entity/BlockEntityType$Builder#m_155273_(Lnet/minecraft/world/level/block/entity/BlockEntityType$BlockEntitySupplier;[Lnet/minecraft/world/level/block/Block;)Lnet/minecraft/world/level/block/entity/BlockEntityType$Builder;	net/minecraft/world/level/block/entity/BlockEntityType$Builder#of(Lnet/minecraft/world/level/block/entity/BlockEntityType$BlockEntitySupplier;[Lnet/minecraft/world/level/block/Block;)Lnet/minecraft/world/level/block/entity/BlockEntityType$Builder;
1.350	0.844	124	false	true	net/minecraft/client/Minecraft#f_91073_:Lnet/minecraft/client/multiplayer/ClientLevel;	net/minecraft/client/Minecraft#level:Lnet/minecraft/client/multiplayer/ClientLevel;
1.349	0.843	86	false	true	net/minecraft/client/Minecraft#f_91066_:Lnet/minecraft/client/Options;	net/minecraft/client/Minecraft#options:Lnet/minecraft/client/Options;
1.348	0.843	75	false	true	net/minecraft/world/level/Level#m_46467_()J	net/minecraft/world/level/Level#getGameTime()J
1.344	0.840	84	false	true	net/minecraft/world/item/ItemStack#m_41741_()I	net/minecraft/world/item/ItemStack#getMaxStackSize()I
1.341	0.838	124	false	true	net/minecraft/nbt/CompoundTag#m_128469_(Ljava/lang/String;)Lnet/minecraft/nbt/CompoundTag;	net/minecraft/nbt/CompoundTag#getCompound(Ljava/lang/String;)Lnet/minecraft/nbt/CompoundTag;
1.340	0.838	67	false	true	net/minecraft/client/gui/GuiGraphics#m_280509_(IIIII)V	net/minecraft/client/gui/GuiGraphics#fill(IIIII)V
1.333	0.833	80	false	true	net/minecraft/network/chat/MutableComponent#m_130946_(Ljava/lang/String;)Lnet/minecraft/network/chat/MutableComponent;	net/minecraft/network/chat/MutableComponent#append(Ljava/lang/String;)Lnet/minecraft/network/chat/MutableComponent;
1.333	0.833	75	false	true	net/minecraft/client/Minecraft#m_91268_()Lcom/mojang/blaze3d/platform/Window;	net/minecraft/client/Minecraft#getWindow()Lcom/mojang/blaze3d/platform/Window;
1.331	0.832	119	false	true	net/minecraft/nbt/CompoundTag#m_128359_(Ljava/lang/String;Ljava/lang/String;)V	net/minecraft/nbt/CompoundTag#putString(Ljava/lang/String;Ljava/lang/String;)V
1.324	0.828	72	false	true	net/minecraft/world/entity/Entity#m_9236_()Lnet/minecraft/world/level/Level;	net/minecraft/world/entity/Entity#level()Lnet/minecraft/world/level/Level;
1.321	0.826	109	false	true	net/minecraft/world/level/Level#m_5776_()Z	net/minecraft/world/level/Level#isClientSide()Z
1.320	0.825	66	false	true	net/minecraft/util/Mth#m_14036_(FFF)F	net/minecraft/util/Mth#clamp(FFF)F
1.320	0.825	80	false	true	net/minecraft/world/level/block/entity/BlockEntityType$Builder#m_58966_(Lcom/mojang/datafixers/types/Type;)Lnet/minecraft/world/level/block/entity/BlockEntityType;	net/minecraft/world/level/block/entity/BlockEntityType$Builder#build(Lcom/mojang/datafixers/types/Type;)Lnet/minecraft/world/level/block/entity/BlockEntityType;
1.308	0.818	112	false	true	net/minecraft/world/phys/Vec3#f_82481_:D	net/minecraft/world/phys/Vec3#y:D
1.308	0.818	112	false	true	net/minecraft/world/phys/Vec3#f_82479_:D	net/minecraft/world/phys/Vec3#y:D
1.300	0.813	117	false	true	net/minecraft/nbt/CompoundTag#m_128461_(Ljava/lang/String;)Ljava/lang/String;	net/minecraft/nbt/CompoundTag#getString(Ljava/lang/String;)Ljava/lang/String;
1.300	0.813	65	false	true	net/minecraft/world/phys/Vec3#m_7094_()D	net/minecraft/world/phys/Vec3#y()D
1.300	0.813	65	false	true	net/minecraft/world/phys/Vec3#m_7096_()D	net/minecraft/world/phys/Vec3#y()D
1.296	0.810	111	false	true	net/minecraft/world/phys/Vec3#f_82480_:D	net/minecraft/world/phys/Vec3#z:D
1.296	0.810	111	false	true	net/minecraft/world/phys/Vec3#f_82480_:D	net/minecraft/world/phys/Vec3#x:D
1.294	0.809	93	false	true	net/minecraft/nbt/CompoundTag#m_128437_(Ljava/lang/String;I)Lnet/minecraft/nbt/ListTag;	net/minecraft/nbt/CompoundTag#getList(Ljava/lang/String;I)Lnet/minecraft/nbt/ListTag;
1.288	0.805	66	false	true	net/minecraft/world/item/context/UseOnContext#m_43722_()Lnet/minecraft/world/item/ItemStack;	net/minecraft/world/item/context/UseOnContext#getItemInHand()Lnet/minecraft/world/item/ItemStack;
1.286	0.804	119	false	true	net/minecraft/nbt/CompoundTag#m_128441_(Ljava/lang/String;)Z	net/minecraft/nbt/CompoundTag#contains(Ljava/lang/String;)Z
1.283	0.802	81	false	true	net/minecraft/world/level/block/state/BlockState#m_204336_(Lnet/minecraft/tags/TagKey;)Z	net/minecraft/world/level/block/state/BlockState#is(Lnet/minecraft/tags/TagKey;)Z
1.280	0.800	76	false	true	net/minecraft/client/gui/Font#m_92852_(Lnet/minecraft/network/chat/FormattedText;)I	net/minecraft/client/gui/Font#width(Lnet/minecraft/network/chat/FormattedText;)I
1.276	0.798	71	false	true	net/minecraft/client/gui/screens/MenuScreens#m_96206_(Lnet/minecraft/world/inventory/MenuType;Lnet/minecraft/client/gui/screens/MenuScreens$ScreenConstructor;)V	net/neoforged/neoforge/client/event/RegisterMenuScreensEvent#register(Lnet/minecraft/world/inventory/MenuType;Lnet/minecraft/client/gui/screens/MenuScreens$ScreenConstructor;)V
1.273	0.796	74	false	true	net/minecraft/core/BlockPos#f_121853_:Lnet/minecraft/core/BlockPos;	net/minecraft/core/BlockPos#ZERO:Lnet/minecraft/core/BlockPos;
1.257	0.786	77	false	true	net/minecraft/world/item/ItemStack#m_204117_(Lnet/minecraft/tags/TagKey;)Z	net/minecraft/world/item/ItemStack#is(Lnet/minecraft/tags/TagKey;)Z
1.246	0.779	74	false	true	net/minecraft/world/item/crafting/Ingredient#m_43929_([Lnet/minecraft/world/level/ItemLike;)Lnet/minecraft/world/item/crafting/Ingredient;	net/minecraft/world/item/crafting/Ingredient#of([Lnet/minecraft/world/level/ItemLike;)Lnet/minecraft/world/item/crafting/Ingredient;
1.232	0.770	87	false	true	net/minecraft/network/chat/Component#m_237119_()Lnet/minecraft/network/chat/MutableComponent;	net/minecraft/network/chat/Component#empty()Lnet/minecraft/network/chat/MutableComponent;
1.228	0.767	66	false	true	net/minecraft/world/entity/player/Player#m_20148_()Ljava/util/UUID;	net/minecraft/world/entity/player/Player#getUUID()Ljava/util/UUID;
1.206	0.603	152	true	false	net/minecraftforge/fml/javafmlmod/FMLJavaModLoadingContext#get()Lnet/minecraftforge/fml/javafmlmod/FMLJavaModLoadingContext;	net/neoforged/fml/ModList#get()Lnet/neoforged/fml/ModList;
1.203	0.752	94	false	true	net/minecraft/tags/TagKey#m_203882_(Lnet/minecraft/resources/ResourceKey;Lnet/minecraft/resources/ResourceLocation;)Lnet/minecraft/tags/TagKey;	net/minecraft/tags/TagKey#create(Lnet/minecraft/resources/ResourceKey;Lnet/minecraft/resources/ResourceLocation;)Lnet/minecraft/tags/TagKey;
1.191	0.744	67	false	true	net/minecraft/world/entity/player/Player#m_21205_()Lnet/minecraft/world/item/ItemStack;	net/minecraft/world/entity/player/Player#getMainHandItem()Lnet/minecraft/world/item/ItemStack;
1.191	0.744	64	false	true	net/minecraft/world/item/Items#f_41852_:Lnet/minecraft/world/item/Item;	net/minecraft/world/item/Items#AIR:Lnet/minecraft/world/item/Item;
1.187	0.742	112	false	true	net/minecraft/resources/ResourceKey#m_135782_()Lnet/minecraft/resources/ResourceLocation;	net/minecraft/resources/ResourceKey#location()Lnet/minecraft/resources/ResourceLocation;
1.182	0.455	60	true	true	net/minecraftforge/registries/IForgeRegistry#getKey(Ljava/lang/Object;)Lnet/minecraft/resources/ResourceLocation;	net/minecraft/core/Registry#getKey(Ljava/lang/Object;)Lnet/minecraft/resources/ResourceLocation;
1.168	0.584	59	true	false	net/minecraftforge/network/simple/SimpleChannel#sendToServer(Ljava/lang/Object;)V	net/neoforged/neoforge/network/PacketDistributor#sendToServer(Lnet/minecraft/network/protocol/common/custom/CustomPacketPayload;[Lnet/minecraft/network/protocol/common/custom/CustomPacketPayload;)V
1.152	0.576	72	true	false	net/minecraftforge/registries/DeferredRegister#create(Lnet/minecraftforge/registries/IForgeRegistry;Ljava/lang/String;)Lnet/minecraftforge/registries/DeferredRegister;	net/neoforged/neoforge/registries/DeferredRegister#create(Lnet/minecraft/core/Registry;Ljava/lang/String;)Lnet/neoforged/neoforge/registries/DeferredRegister;
1.152	0.720	72	false	true	net/minecraft/nbt/CompoundTag#m_128425_(Ljava/lang/String;I)Z	net/minecraft/nbt/CompoundTag#contains(Ljava/lang/String;I)Z
1.145	0.716	63	false	true	net/minecraft/server/level/ServerLevel#m_7654_()Lnet/minecraft/server/MinecraftServer;	net/minecraft/server/level/ServerLevel#getServer()Lnet/minecraft/server/MinecraftServer;
1.145	0.716	68	false	true	net/minecraft/nbt/CompoundTag#m_128423_(Ljava/lang/String;)Lnet/minecraft/nbt/Tag;	net/minecraft/nbt/CompoundTag#get(Ljava/lang/String;)Lnet/minecraft/nbt/Tag;
1.138	0.712	74	false	true	net/minecraft/server/level/ServerPlayer#f_8906_:Lnet/minecraft/server/network/ServerGamePacketListenerImpl;	net/minecraft/server/level/ServerPlayer#connection:Lnet/minecraft/server/network/ServerGamePacketListenerImpl;
1.133	0.567	136	true	false	net/minecraft/resources/ResourceLocation#<init>(Ljava/lang/String;Ljava/lang/String;)V	net/minecraft/network/protocol/common/custom/CustomPacketPayload$Type#<init>(Lnet/minecraft/resources/ResourceLocation;)V
1.127	0.705	124	false	true	net/minecraft/resources/ResourceLocation#m_135827_()Ljava/lang/String;	net/minecraft/resources/ResourceLocation#getPath()Ljava/lang/String;
1.117	0.430	64	true	true	net/minecraftforge/common/ForgeConfigSpec$IntValue#get()Ljava/lang/Object;	net/neoforged/neoforge/registries/DeferredHolder#get()Ljava/lang/Object;
1.114	0.557	117	true	false	net/minecraft/resources/ResourceLocation#<init>(Ljava/lang/String;)V	net/minecraft/network/protocol/common/custom/CustomPacketPayload$Type#<init>(Lnet/minecraft/resources/ResourceLocation;)V
1.111	0.694	84	false	true	net/minecraft/core/BlockPos#m_7495_()Lnet/minecraft/core/BlockPos;	net/minecraft/core/BlockPos#above()Lnet/minecraft/core/BlockPos;
1.102	0.424	50	true	true	net/minecraftforge/common/ForgeConfigSpec$BooleanValue#get()Ljava/lang/Object;	net/neoforged/neoforge/common/ModConfigSpec$ConfigValue#get()Ljava/lang/Object;
1.102	0.689	84	false	true	net/minecraft/core/BlockPos#m_7494_()Lnet/minecraft/core/BlockPos;	net/minecraft/core/BlockPos#below()Lnet/minecraft/core/BlockPos;
1.092	0.683	86	false	true	net/minecraft/resources/ResourceKey#m_135785_(Lnet/minecraft/resources/ResourceKey;Lnet/minecraft/resources/ResourceLocation;)Lnet/minecraft/resources/ResourceKey;	net/minecraft/resources/ResourceKey#create(Lnet/minecraft/resources/ResourceKey;Lnet/minecraft/resources/ResourceLocation;)Lnet/minecraft/resources/ResourceKey;
1.080	0.675	106	false	true	net/minecraft/nbt/CompoundTag#m_128441_(Ljava/lang/String;)Z	net/minecraft/nbt/CompoundTag#getBoolean(Ljava/lang/String;)Z
1.078	0.674	64	false	true	net/minecraft/server/level/ServerPlayer#m_9236_()Lnet/minecraft/world/level/Level;	net/minecraft/server/level/ServerPlayer#level()Lnet/minecraft/world/level/Level;
1.067	0.667	102	false	true	net/minecraft/nbt/CompoundTag#m_128471_(Ljava/lang/String;)Z	net/minecraft/nbt/CompoundTag#contains(Ljava/lang/String;)Z
1.057	0.529	129	true	false	net/minecraftforge/fml/javafmlmod/FMLJavaModLoadingContext#get()Lnet/minecraftforge/fml/javafmlmod/FMLJavaModLoadingContext;	net/neoforged/neoforge/registries/DeferredHolder#get()Ljava/lang/Object;
1.057	0.407	50	true	true	net/minecraftforge/common/ForgeConfigSpec$ConfigValue#get()Ljava/lang/Object;	net/neoforged/neoforge/common/ModConfigSpec$BooleanValue#get()Ljava/lang/Object;
1.055	0.660	155	false	true	net/minecraft/network/chat/Component#m_237115_(Ljava/lang/String;)Lnet/minecraft/network/chat/MutableComponent;	net/minecraft/network/chat/Component#literal(Ljava/lang/String;)Lnet/minecraft/network/chat/MutableComponent;
1.053	0.527	79	true	false	net/minecraftforge/common/util/LazyOptional#of(Lnet/minecraftforge/common/util/NonNullSupplier;)Lnet/minecraftforge/common/util/LazyOptional;	net/minecraft/world/level/block/state/BlockBehaviour$Properties#of()Lnet/minecraft/world/level/block/state/BlockBehaviour$Properties;
1.052	0.657	71	false	true	net/minecraft/world/item/ItemStack#m_150942_(Lnet/minecraft/world/item/ItemStack;Lnet/minecraft/world/item/ItemStack;)Z	net/minecraft/world/item/ItemStack#isSameItemSameComponents(Lnet/minecraft/world/item/ItemStack;Lnet/minecraft/world/item/ItemStack;)Z
1.044	0.522	130	true	false	net/minecraft/resources/ResourceLocation#<init>(Ljava/lang/String;Ljava/lang/String;)V	net/neoforged/neoforge/common/ModConfigSpec$Builder#<init>()V
1.029	0.643	117	false	true	net/minecraft/resources/ResourceLocation#m_135815_()Ljava/lang/String;	net/minecraft/resources/ResourceLocation#getNamespace()Ljava/lang/String;
1.019	0.637	79	false	true	net/minecraft/world/level/block/state/BlockBehaviour$Properties#m_284310_()Lnet/minecraft/world/level/block/state/BlockBehaviour$Properties;	net/minecraft/world/level/block/state/BlockBehaviour$Properties#noOcclusion()Lnet/minecraft/world/level/block/state/BlockBehaviour$Properties;
1.019	0.509	110	true	false	net/minecraftforge/fml/ModLoadingContext#get()Lnet/minecraftforge/fml/ModLoadingContext;	net/neoforged/fml/ModList#get()Lnet/neoforged/fml/ModList;
1.012	0.632	148	false	true	net/minecraft/network/chat/Component#m_237113_(Ljava/lang/String;)Lnet/minecraft/network/chat/MutableComponent;	net/minecraft/network/chat/Component#translatable(Ljava/lang/String;)Lnet/minecraft/network/chat/MutableComponent;
1.007	0.629	73	false	true	net/minecraft/core/registries/Registries#f_256747_:Lnet/minecraft/resources/ResourceKey;	net/minecraft/core/registries/Registries#BLOCK:Lnet/minecraft/resources/ResourceKey;
1.005	0.502	104	true	false	net/minecraftforge/registries/RegistryObject#get()Ljava/lang/Object;	net/neoforged/fml/ModList#get()Lnet/neoforged/fml/ModList;
1.003	0.627	94	false	true	net/minecraft/world/item/ItemStack#m_41613_()I	net/minecraft/world/item/ItemStack#getMaxStackSize()I
1.000	0.625	80	false	true	net/minecraft/world/level/Level#m_9598_()Lnet/minecraft/core/RegistryAccess;	net/minecraft/world/level/Level#registryAccess()Lnet/minecraft/core/RegistryAccess;
1.000	0.500	67	true	false	net/minecraftforge/registries/DeferredRegister#create(Lnet/minecraft/resources/ResourceKey;Ljava/lang/String;)Lnet/minecraftforge/registries/DeferredRegister;	net/neoforged/neoforge/registries/DeferredRegister#create(Lnet/minecraft/core/Registry;Ljava/lang/String;)Lnet/neoforged/neoforge/registries/DeferredRegister;
