modId	tier	sourceVersion	targetVersion	sourceClasses	targetClasses	sourceMixins	targetMixins	sourceFile	targetFile
additional_lights	TRIVIAL	2.1.7	2.1.10	33	33	0	0	additional_lights-1.20.1-2.1.7.jar	additional_lights-neoforge-1.21-2.1.10.jar
advanced_ae	HARD	1.2.7-1.20.1	1.6.11-1.21.1	308	291	2	1	AdvancedAE-1.2.7-1.20.1.jar	AdvancedAE-1.6.11-1.21.1.jar
advancedperipherals	MODERATE	0.7.46r	0.7.62b	248	257	0	0	AdvancedPeripherals-1.20.1-0.7.46r.jar	AdvancedPeripherals-1.21.1-0.7.62b.jar
ae2	HARD	15.4.9	19.2.17	1832	1824	2	1	appliedenergistics2-forge-15.4.9.jar	appliedenergistics2-19.2.17.jar
ae2wtlib	HARD	15.3.0-forge	19.5.1	115	85	2	1	ae2wtlib-15.3.0-forge.jar	ae2wtlib-19.5.1.jar
aeinfinitybooster	HARD	1.20.1-1.0.0+51	1.21.1-1.0.0.58	12	15	1	1	AEInfinityBooster-1.20.1-1.0.0+51.jar	aeinfinitybooster-neoforge-1.21.1-1.0.0.58.jar
aether	NIGHTMARE	1.20.1-1.5.2-neoforge	1.5.10	977	935	1	1	aether-1.20.1-1.5.2-neoforge.jar	aether-1.21.1-1.5.10-neoforge.jar
aiimprovements	TRIVIAL	0.5.2	0.5.3	20	20	0	0	AI-Improvements-1.20-0.5.2.jar	AI-Improvements-1.21-0.5.3.jar
allthearcanistgear	TRIVIAL	1.20.1-20.0.0	1.21.1-21.3.2	28	49	1	1	allthearcanistgear-1.20.1-20.0.0.jar	allthearcanistgear-1.21.1-21.3.2.jar
allthecompressed	TRIVIAL	3.0.2	4.4.0	25	27	0	0	allthecompressed-1.20.1-3.0.2.jar	allthecompressed-1.21.1-4.4.0.jar
alltheleaks	NIGHTMARE	1.0.7+1.20.1-forge	1.1.11+1.21.1-neoforge	308	302	1	1	alltheleaks-1.0.7+1.20.1-forge.jar	alltheleaks-1.1.11+1.21.1-neoforge.jar
allthemodium	HARD	2.5.6	3.0.1	176	166	1	1	allthemodium-1.20.1-47.1.25-2.5.6.jar	allthemodium-3.0.1_mc_1.21.1.jar
alltheores	TRIVIAL	2.2.4	3.2.0	39	67	0	0	alltheores-1.20.1-47.1.3-2.2.4.jar	alltheores-3.2.0_neoforge_1.21.1.jar
allthetweaks	HARD	2.3.2	2.9.4	80	93	1	1	allthetweaks-1.20.1-47.2.20-2.3.2.jar	allthetweaks-1.21.1-2.9.4.jar
allthewizardgear	HARD	1.20.1-1.1.4	1.21.1-1.1.12	18	17	1	1	allthewizardgear-1.20.1-1.1.4.jar	allthewizardgear-1.21.1-1.1.12.jar
almostunified	HARD	1.20.1-0.10.1	1.21.1-1.4.2	111	165	1	2	almostunified-forge-1.20.1-0.10.1.jar	almostunified-neoforge-1.21.1-1.4.2.jar
amendments	NIGHTMARE	1.20-2.2.3	1.21-2.1.7	250	257	2	2	amendments-1.20-2.2.3.jar	amendments-neoforge-1.21-2.1.7.jar
apotheosis	NIGHTMARE	7.4.8	8.6.1	522	537	1	1	Apotheosis-1.20.1-7.4.8.jar	Apotheosis-1.21.1-8.6.1.jar
appflux	HARD	1.20-1.3.4-forge	1.21-2.1.5-neoforge	82	73	2	1	AppliedFlux-1.20-1.3.4-forge.jar	AppliedFlux-1.21-2.1.5-neoforge.jar
appleskin	TRIVIAL	2.5.1+mc1.20.1	3.0.9+mc1.21	29	36	0	0	appleskin-forge-mc1.20.1-2.5.1.jar	appleskin-neoforge-mc1.21-3.0.9.jar
appmek	TRIVIAL	1.4.2	1.6.3	74	49	0	1	Applied-Mekanistics-1.4.2.jar	Applied-Mekanistics-1.6.3.jar
aquaculture	TRIVIAL	2.5.5	2.7.21	120	118	0	0	Aquaculture-1.20.1-2.5.5.jar	Aquaculture-1.21.1-2.7.21.jar
architectury	HARD	9.2.14	13.0.11	382	382	2	2	architectury-9.2.14-forge.jar	architectury-13.0.11-neoforge.jar
ars_creo	TRIVIAL	4.3.0	5.4.0	32	47	1	1	ars_creo-1.20.1-4.3.0.jar	ars_creo-1.21.1-5.4.0.jar
ars_elemental	HARD	0.6.7.8	0.7.10.1	273	353	1	1	ars_elemental-1.20.1-0.6.7.8.jar	ars_elemental-1.21.1-0.7.10.1.jar
ars_nouveau	NIGHTMARE	4.12.7	5.13.0	1465	5976	1	1	ars_nouveau-1.20.1-4.12.7-all.jar	ars_nouveau-1.21.1-5.13.0.jar
ars_ocultas	TRIVIAL	1.2.2	2.5.0	31	42	0	0	ars_ocultas-1.20.1-1.2.2-all.jar	ars_ocultas-1.21.1-2.5.0.jar
arseng	HARD	1.2.0	2.1.1-beta	55	40	1	1	arseng-1.2.0.jar	arseng-2.1.1-beta.jar
artifacts	HARD	9.5.16	13.2.1	177	278	2	2	artifacts-forge-9.5.16.jar	artifacts-neoforge-13.2.1.jar
athena	HARD	3.1.2	4.0.6	52	57	2	2	athena-forge-1.20.1-3.1.2.jar	athena-neoforge-1.21.1-4.0.6.jar
attributefix	HARD	21.0.4	21.1.3	9	5	1	2	AttributeFix-Forge-1.20.1-21.0.4.jar	attributefix-neoforge-1.21.1-21.1.3.jar
balm	HARD	7.3.37	21.0.64	399	578	1	2	balm-forge-1.20.1-7.3.37-all.jar	balm-neoforge-1.21.1-21.0.64.jar
bcc	HARD	4.0.8	21.1.8	20	16	2	1	BetterCompatibilityChecker-forge-4.0.8+mc1.20.1.jar	better-compatability-checker-neoforge-21.1.8.jar
betteradvancements	TRIVIAL	0.4.2.25	0.4.3.21	36	36	0	0	BetterAdvancements-Forge-1.20.1-0.4.2.25.jar	BetterAdvancements-NeoForge-1.21.1-0.4.3.21.jar
betterdeserttemples	HARD	1.20-Forge-3.0.3	1.21.1-NeoForge-4.1.5	57	62	2	1	YungsBetterDesertTemples-1.20-Forge-3.0.3.jar	YungsBetterDesertTemples-1.21.1-NeoForge-4.1.5.jar
betterdungeons	HARD	1.20-Forge-4.0.4	1.21.1-NeoForge-5.1.4	70	64	2	1	YungsBetterDungeons-1.20-Forge-4.0.4.jar	YungsBetterDungeons-1.21.1-NeoForge-5.1.4.jar
betterendisland	HARD	1.20-Forge-2.0.6	1.21.1-NeoForge-3.1.2	40	45	2	1	YungsBetterEndIsland-1.20-Forge-2.0.6.jar	YungsBetterEndIsland-1.21.1-NeoForge-3.1.2.jar
betterfortresses	HARD	1.20-Forge-2.0.6	1.21.1-NeoForge-3.1.5	31	26	2	1	YungsBetterNetherFortresses-1.20-Forge-2.0.6.jar	YungsBetterNetherFortresses-1.21.1-NeoForge-3.1.5.jar
betterjungletemples	HARD	1.20-Forge-2.0.5	1.21.1-NeoForge-3.1.2	38	32	2	1	YungsBetterJungleTemples-1.20-Forge-2.0.5.jar	YungsBetterJungleTemples-1.21.1-NeoForge-3.1.2.jar
bettermineshafts	HARD	1.20-Forge-4.0.4	1.21.1-NeoForge-5.1.1	50	51	2	1	YungsBetterMineshafts-1.20-Forge-4.0.4.jar	YungsBetterMineshafts-1.21.1-NeoForge-5.1.1.jar
betteroceanmonuments	HARD	1.20-Forge-3.0.4	1.21.1-NeoForge-4.1.2	33	28	2	1	YungsBetterOceanMonuments-1.20-Forge-3.0.4.jar	YungsBetterOceanMonuments-1.21.1-NeoForge-4.1.2.jar
betterstrongholds	HARD	1.20-Forge-4.0.3	1.21.1-NeoForge-5.1.3	36	32	2	1	YungsBetterStrongholds-1.20-Forge-4.0.3.jar	YungsBetterStrongholds-1.21.1-NeoForge-5.1.3.jar
betterwitchhuts	HARD	1.20-Forge-3.0.3	1.21.1-NeoForge-4.1.1	24	20	2	1	YungsBetterWitchHuts-1.20-Forge-3.0.3.jar	YungsBetterWitchHuts-1.21.1-NeoForge-4.1.1.jar
bhc	TRIVIAL	1.20.1-1.1.1	1.21.1-1.4.1	42	47	0	0	baubley-heart-canisters-1.20.1-1.1.1.jar	baubley-heart-canisters-1.21.1-1.4.1.jar
bigreactors	MODERATE	1.20.1-2.0.94	1.21.1-2.4.28	488	490	0	0	ExtremeReactors2-1.20.1-2.0.94.jar	ExtremeReactors2-1.21.1-2.4.28.jar
blockui	TRIVIAL	1.20.1-1.0.194	1.0.211-1.21.1-snapshot	121	166	0	0	blockui-1.20.1-1.0.194.jar	blockui-1.0.211-1.21.1-snapshot.jar
blueflame	HARD	1.20.0-1.0.3	1.21.1-1.1.1	17	11	0	0	blueflame-1.20.0-1.0.3.jar	blueflame-1.21.1-1.1.1.jar
bookshelf	HARD	20.2.13	21.1.81	180	173	2	2	Bookshelf-Forge-1.20.1-20.2.13.jar	bookshelf-neoforge-1.21.1-21.1.81.jar
botanypots	TRIVIAL	13.0.41	21.1.44	71	105	0	2	BotanyPots-Forge-1.20.1-13.0.41.jar	botanypots-neoforge-1.21.1-21.1.44.jar
botanytrees	TRIVIAL	9.0.19	21.1.7	3	2	0	2	BotanyTrees-Forge-1.20.1-9.0.19.jar	botanytrees-neoforge-1.21.1-21.1.7.jar
brandonscore	HARD	3.2.1.302	3.2.1.309	309	314	2	1	BrandonsCore-1.20.1-3.2.1.302-universal.jar	BrandonsCore-1.21.1-3.2.1.309.jar
buildinggadgets2	MODERATE	1.0.8	1.3.9	153	166	0	0	buildinggadgets2-1.0.8.jar	buildinggadgets2-1.3.9.jar
bwncr	TRIVIAL	3.17.2	3.20.4	9	9	0	0	bwncr-forge-1.20.1-3.17.2.jar	bwncr-neoforge-1.21.1-3.20.4.jar
cabletiers	HARD	1.20.1-1.2.2	1.21.1-0.6.13	82	253	1	1	cabletiers-1.20.1-1.2.2.jar	cabletiers-neoforge-1.21.1-0.6.13.jar
caelus	HARD	3.2.0+1.20.1	7.0.1+1.21.1	13	24	1	1	caelus-forge-3.2.0+1.20.1.jar	caelus-neoforge-7.0.1+1.21.1.jar
cataclysm	HARD	3.16	3.32	1200	1310	1	1	L_Enders_Cataclysm-3.16.jar	L_Ender's Cataclysm 1.21.1-3.32.jar
charginggadgets	TRIVIAL	1.11.0	1.14.1	24	25	0	0	charginggadgets-1.11.0.jar	charginggadgets-1.14.1.jar
chipped	HARD	3.0.7	4.0.2	50	62	1	1	chipped-forge-1.20.1-3.0.7.jar	chipped-neoforge-1.21.1-4.0.2.jar
cleanswing	TRIVIAL	1.8	1.9	1	1	0	0	cleanswing-1.20-1.8.jar	cleanswing-1.9.jar
cloth_config	MODERATE	11.1.136	15.0.140	633	633	0	0	cloth-config-11.1.136-forge.jar	cloth-config-15.0.140-neoforge.jar
clumps	HARD	12.0.0.4	19.0.0.1	15	15	1	1	Clumps-forge-1.20.1-12.0.0.4.jar	Clumps-neoforge-1.21.1-19.0.0.1.jar
codechickenlib	HARD	4.4.0.516	4.6.1.529	704	522	2	1	CodeChickenLib-1.20.1-4.4.0.516-universal.jar	CodeChickenLib-1.21.1-4.6.1.529.jar
colorfulhearts	HARD	4.3.16	10.5.9	62	53	2	2	colorfulhearts-forge-1.20.1-4.3.16.jar	colorfulhearts-neoforge-1.21.1-10.5.9.jar
colorwheel	HARD	1.0.0+mc1.20.1	1.2.9+mc1.21.1	151	182	2	2	colorwheel-forge-1.0.0+mc1.20.1.jar	colorwheel-neoforge-1.2.9+mc1.21.1.jar
comforts	HARD	6.4.0+1.20.1	9.0.5+1.21.1	59	64	1	1	comforts-forge-6.4.0+1.20.1.jar	comforts-neoforge-9.0.5+1.21.1.jar
commoncapabilities	MODERATE	2.9.9	2.11.5	158	158	0	0	CommonCapabilities-1.20.1-2.9.9.jar	commoncapabilities-1.21.1-neoforge-2.11.5-363.jar
computercraft	MODERATE	1.113.1	1.113.1	1189	1193	0	3	cc-tweaked-1.20.1-forge-1.113.1.jar	cc-tweaked-1.21.1-forge-1.113.1.jar
connectedglass	TRIVIAL	1.1.14	1.1.14	21	21	0	1	connectedglass-1.1.14-forge-mc1.20.1.jar	connectedglass-1.1.14-neoforge-mc1.21.jar
connectivity	NIGHTMARE	1.20.1-7.2	7.6	71	72	1	1	connectivity-1.20.1-7.2.jar	connectivity-1.21.1-7.6.jar
controlling	HARD	12.0.2	19.0.5	39	42	2	2	Controlling-forge-1.20.1-12.0.2.jar	Controlling-neoforge-1.21.1-19.0.5.jar
cookingforblockheads	MODERATE	16.0.14	21.1.24	210	229	1	2	cookingforblockheads-forge-1.20.1-16.0.14.jar	cookingforblockheads-neoforge-1.21.1-21.1.24.jar
corgilib	HARD	4.0.1.3	5.0.0.9	328	148	2	1	CorgiLib-forge-1.20.1-4.0.1.3.jar	Corgilib-NeoForge-1.21.1-5.0.0.9.jar
cosmeticarmorreworked	TRIVIAL	1.20.1-v1a	1.21.1-v1-neoforge	40	39	0	0	cosmeticarmorreworked-1.20.1-v1a.jar	cosmeticarmorreworked-1.21.1-v1-neoforge.jar
crafting_on_a_stick	TRIVIAL	1.1.5	1.21.0.6	22	42	0	0	crafting-on-a-stick-1.20.1-1.1.5.jar	crafting_on_a_stick-1.21.0.6.jar
craftingtweaks	TRIVIAL	18.2.6	21.1.10	84	101	1	2	craftingtweaks-forge-1.20.1-18.2.6.jar	craftingtweaks-neoforge-1.21.1-21.1.10.jar
crash_assistant	NIGHTMARE	1.10.10	1.11.11	211	644	0	0	CrashAssistant-forge-1.19-1.20.1-1.10.10.jar	CrashAssistant-neoforge-1.20.6-1.21.4-1.11.11.jar
crashutilities	TRIVIAL	8.1.4	9.0.4	96	92	0	0	crashutilities-8.1.4.jar	crashutilities-9.0.4.jar
create	NIGHTMARE	6.0.6	6.0.10	2625	2692	1	1	create-1.20.1-6.0.6.jar	create-1.21.1-6.0.10.jar
create_enchantment_industry	HARD	1.3.3-for-create-6.0.6	2.5.0	141	458	1	5	create_enchantment_industry-1.3.3-for-create-6.0.6.jar	create-enchantment-industry-2.5.0.jar
createaddition	HARD	1.20.1-1.3.2	1.6.0	186	245	1	1	createaddition-1.20.1-1.3.2.jar	createaddition-1.6.0.jar
creeperoverhaul	HARD	3.0.2	4.0.6	49	83	1	1	creeperoverhaul-3.0.2-forge.jar	CreeperOverhaul-neoforge-1.21.1-4.0.6.jar
cristellib	HARD	1.1.6	3.1.7	29	95	2	2	cristellib-1.1.6-forge.jar	cristellib-neoforge-1.21.1-3.1.7.jar
crystalix	TRIVIAL	1.3.5	3.0.0	43	72	0	0	crystalix-1.3.5_forge_1.20.1.jar	crystalix-3.0.0.jar
ctov	TRIVIAL	3.4.14	3.6.3	3	12	2	2	[forge]ctov-3.4.14.jar	[Neoforge]ctov-3.6.3.jar
cucumber	HARD	7.0.15	8.0.16	129	138	1	1	Cucumber-1.20.1-7.0.15.jar	Cucumber-1.21.1-8.0.16.jar
cupboard	HARD	1.20.1-2.7	3.9	16	18	1	1	cupboard-1.20.1-2.7.jar	cupboard-1.21.1-3.9.jar
curios	HARD	5.14.1+1.20.1	9.5.1+1.21.1	143	152	1	2	curios-forge-5.14.1+1.20.1.jar	curios-neoforge-9.5.1+1.21.1.jar
cyclopscore	MODERATE	1.21.1	1.29.2	589	757	0	1	CyclopsCore-1.20.1-1.21.1.jar	cyclopscore-1.21.1-neoforge-1.29.2.jar
darkmodeeverywhere	HARD	1.20.1-1.2.4	1.21.1-1.4.0	13	18	1	1	DarkModeEverywhere-1.20.1-1.2.4.jar	darkmodeeverywhere-neoforge-1.21.1-1.4.0.jar
deeperdarker	HARD	1.3.3	1.4.1	180	207	2	1	deeperdarker-forge-1.20.1-1.3.3.jar	deeperdarker-neoforge-1.21.1-1.4.1.jar
dimstorage	TRIVIAL	8.0.1	9.1.1	70	95	0	0	DimStorage-1.20.1-8.0.1.jar	DimStorage-1.21.1-9.1.1.jar
domum_ornamentum	MODERATE	1.20.1-1.0.291-snapshot	1.0.234-snapshot	285	275	0	0	domum_ornamentum-1.20.1-1.0.291-snapshot-universal.jar	domum-ornamentum-1.0.234-snapshot-main.jar
draconicevolution	HARD	3.1.2.621	3.1.4.632	648	682	2	1	Draconic-Evolution-1.20.1-3.1.2.621-universal.jar	Draconic-Evolution-1.21.1-3.1.4.632.jar
dungeoncrawl	MODERATE	2.3.15	2.3.17	163	154	0	0	Dungeon Crawl-1.20.1-2.3.15.jar	DungeonCrawl-NeoForge-1.21-2.3.17.jar
dungeons_arise	TRIVIAL	2.1.58-1.20.x	2.1.68	6	6	0	0	DungeonsArise-1.20.x-2.1.58-release.jar	DungeonsArise-1.21.1-2.1.68-release.jar
dyenamics	TRIVIAL	1.20.1-3.2.0	1.21.1-3.4.2	67	58	0	0	dyenamics-1.20.1-3.2.0.jar	dyenamics-1.21.1-3.4.2.jar
dyenamicsandfriends	TRIVIAL	1.20.1-1.9.3	1.21.1-2.2.2	71	70	0	0	dyenamicsandfriends-1.20.1-1.9.3.jar	dyenamicsandfriends-1.21.1-2.2.2.jar
easy_villagers	MODERATE	1.20.1-1.1.35	1.21.1-1.1.42	191	209	0	0	easy-villagers-forge-1.20.1-1.1.35.jar	easy-villagers-neoforge-1.21.1-1.1.42.jar
edivadlib	TRIVIAL	2.0.1	3.0.0	7	7	0	0	EdivadLib-1.20.1-2.0.1.jar	EdivadLib-1.21-3.0.0.jar
elevatorid	TRIVIAL	1.20.1-1.9.1-forge	1.21.1-1.11.4	25	26	0	1	elevatorid-1.20.1-1.9.1-forge.jar	elevatorid-neoforge-1.21.1-1.11.4.jar
enderio	HARD	6.2.15-beta	8.2.11-beta	1147	1196	4	1	EnderIO-1.20.1-6.2.15-beta-all.jar	enderio-8.2.11-beta.jar
endermanoverhaul	HARD	1.0.4	2.0.3	115	120	2	1	endermanoverhaul-forge-1.20.1-1.0.4.jar	endermanoverhaul-neoforge-1.21.1-2.0.3.jar
energymeter	TRIVIAL	1.20.1-1.0.0	1.21.1-0.5.0	65	130	0	1	energymeter-forge-1.20.1-1.0.0.jar	energymeter-neoforge-1.21.1-0.5.0.jar
entangled	TRIVIAL	1.3.20	1.3.21	20	28	0	1	entangled-1.3.20-forge-mc1.20.4.jar	entangled-1.3.21-neoforge-mc1.21.jar
euphoria_patcher	MODERATE	1.7.2-r5.6.1-forge	1.9.3-r5.8.1-neoforge	563	1420	0	1	EuphoriaPatcher-1.7.2-r5.6.1-forge.jar	EuphoriaPatcher-1.9.3-r5.8.1-neoforge.jar
everythingcopper	TRIVIAL	1.20.1-2.3.4	1.21.1-2.4.5	87	67	0	0	everythingcopper-1.20.1-2.3.4.jar	everythingcopper-1.21.1-2.4.5.jar
evilcraft	MODERATE	1.2.58	1.2.91	785	819	0	0	EvilCraft-1.20.1-1.2.58.jar	evilcraft-1.21.1-neoforge-1.2.91-1002.jar
evilcraftcompat	MODERATE	1.2.58	1.2.91	785	819	0	0	EvilCraft-1.20.1-1.2.58.jar	evilcraft-1.21.1-neoforge-1.2.91-1002.jar
extradisks	TRIVIAL	1.20.1-3.0.3	1.21.1-4.0.15	38	40	0	0	ExtraDisks-1.20.1-3.0.3.jar	ExtraDisks-1.21.1-4.0.15.jar
extrastorage	TRIVIAL	4.0.7	5.0.10	77	107	0	0	ExtraStorage-1.20.1-4.0.7.jar	ExtraStorage-1.21.1-5.0.10.jar
extremesoundmuffler	HARD	3.48	3.56	22	22	1	1	ExtremeSoundMuffler-3.49.1-forge-1.20.1.jar	ExtremeSoundMuffler-3.56_NeoForge-1.21.jar
farmersdelight	HARD	1.20.1-1.2.9	1.3.2	252	292	1	1	FarmersDelight-1.20.1-1.2.9.jar	FarmersDelight-1.21.1-1.3.2.jar
farmingforblockheads	HARD	14.0.4	21.1.13	98	81	1	2	farmingforblockheads-forge-1.20.1-14.0.4.jar	farmingforblockheads-neoforge-1.21.1-21.1.13.jar
fastbench	NIGHTMARE	8.0.4	9.1.3	15	16	1	1	FastWorkbench-1.20.1-8.0.4.jar	FastWorkbench-1.21.1-9.1.3.jar
fastfurnace	NIGHTMARE	8.0.2	9.0.1	2	2	1	1	FastFurnace-1.20.1-8.0.2.jar	FastFurnace-1.21.1-9.0.1.jar
fastsuite	NIGHTMARE	5.1.0	6.0.7	12	14	1	1	FastSuite-1.20.1-5.1.0.jar	FastSuite-1.21.1-6.0.7.jar
ferritecore	NIGHTMARE	6.0.1	7.0.3	81	77	0	0	ferritecore-6.0.1-forge.jar	ferritecore-7.0.3-neoforge.jar
flickerfix	HARD	4.0.1	6.1.0	2	2	1	1	flickerfix-1.20.1-4.0.1.jar	flickerfix-1.21.1-6.1.0.jar
fluxnetworks	MODERATE	7.2.1.15	8.0.0	217	222	0	0	FluxNetworks-1.20.1-7.2.1.15.jar	FluxNetworks-1.21.1-8.0.0.jar
forbidden_arcanus	HARD	1.20.1-2.2.6	2.6.1	416	480	1	1	forbidden_arcanus-1.20.1-2.2.6.jar	forbidden_arcanus-2.6.1.jar
framedblocks	HARD	9.4.2	10.6.1	1298	1743	0	0	FramedBlocks-9.4.2.jar	FramedBlocks-10.6.1.jar
ftbchunks	HARD	2001.3.6	2101.1.21	200	238	1	1	ftb-chunks-forge-2001.3.6.jar	ftb-chunks-neoforge-2101.1.21.jar
ftbessentials	HARD	2001.2.3	2101.1.10	64	92	1	1	ftb-essentials-forge-2001.2.3.jar	ftb-essentials-neoforge-2101.1.10.jar
ftblibrary	HARD	2001.2.10	2101.1.34	318	403	1	1	ftb-library-forge-2001.2.10.jar	ftb-library-neoforge-2101.1.34.jar
ftbquests	MODERATE	2001.4.14	2101.1.29	380	472	0	1	ftb-quests-forge-2001.4.14.jar	ftb-quests-neoforge-2101.1.29.jar
ftbranks	HARD	2001.1.7	2101.1.4	52	53	1	1	ftb-ranks-forge-2001.1.7.jar	ftb-ranks-neoforge-2101.1.4.jar
ftbteams	TRIVIAL	2001.3.1	2101.1.10	122	131	0	0	ftb-teams-forge-2001.3.1.jar	ftb-teams-neoforge-2101.1.10.jar
ftbultimine	HARD	2001.1.7	2101.1.15	62	96	1	1	ftb-ultimine-forge-2001.1.7.jar	ftb-ultimine-neoforge-2101.1.15.jar
ftbxmodcompat	TRIVIAL	2.1.3	21.1.10	83	101	0	1	ftb-xmod-compat-forge-2.1.3.jar	ftb-xmod-compat-neoforge-21.1.10.jar
fuelgoeshere	HARD	1.20.0-1.0.1	1.21.1-1.2.0	3	4	0	0	fuelgoeshere-1.20.0-1.0.1.jar	fuelgoeshere-1.21.1-1.2.0.jar
functionalstorage	TRIVIAL	1.20.1-1.2.13	1.21.1-1.5.8	142	179	0	0	functionalstorage-1.20.1-1.2.13.jar	functionalstorage-1.21.1-1.5.8.jar
fusion	NIGHTMARE	1.2.11+a	1.3.12	264	464	2	1	fusion-1.2.11a-forge-mc1.20.1.jar	fusion-1.3.12-neoforge-mc1.21.1.jar
gateways	NIGHTMARE	4.2.6	5.1.0	88	84	1	1	GatewaysToEternity-1.20.1-4.2.6.jar	GatewaysToEternity-1.21.1-5.1.0.jar
geckolib	HARD	4.8.2	4.9.2	261	262	1	1	geckolib-forge-1.20.1-4.8.2.jar	geckolib-neoforge-1.21.1-4.9.2.jar
generatorgalore	TRIVIAL	1.20.1-1.2.4	1.21.1-1.6.3	52	62	0	0	generatorgalore-1.20.1-1.2.4.jar	generatorgalore-1.21.1-1.6.3.jar
getittogetherdrops	HARD	1.3	1.4	3	4	1	1	getittogetherdrops-forge-1.20-1.3.jar	getittogetherdrops-neoforge-1.21.5-1.4.jar
glassential	TRIVIAL	2.4.5	3.4.5	19	77	1	1	glassential-renewed-forge-1.20.1-2.4.5.jar	Glassential-renewed-1.21.1-3.4.5.jar
glodium	TRIVIAL	1.20-1.5-forge	1.21-2.2-neoforge	36	31	0	0	Glodium-1.20-1.5-forge.jar	Glodium-1.21-2.2-neoforge.jar
guideme	MODERATE	20.1.13	21.1.17	5130	5102	0	1	guideme-20.1.13.jar	guideme-21.1.17.jar
handcrafted	HARD	3.0.6	4.0.3	84	81	2	1	handcrafted-forge-1.20.1-3.0.6.jar	handcrafted-neoforge-1.21.1-4.0.3.jar
hostilenetworks	NIGHTMARE	5.3.3	6.5.1	60	112	1	1	HostileNeuralNetworks-1.20.1-5.3.3.jar	HostileNeuralNetworks-1.21.1-6.5.1.jar
immersiveengineering	NIGHTMARE	1.20.1-10.2.0-183	12.4.2-194	1768	1841	1	1	ImmersiveEngineering-1.20.1-10.2.0-183.jar	ImmersiveEngineering-1.21.1-12.4.2-194.jar
industrialforegoing	MODERATE	3.5.21	1.21-3.6.39	592	659	0	1	industrial-foregoing-1.20.1-3.5.21.jar	industrialforegoing-1.21-3.6.39.jar
industrialforegoingsouls	TRIVIAL	1.20.1-1.0.9	1.10.7	29	34	0	0	industrial-foregoing-souls-1.20.1-1.0.9.jar	industrial-foregoing-souls-1.21.1-1.10.7.jar
integratedcrafting	TRIVIAL	1.3.0	1.4.6	83	88	0	0	IntegratedCrafting-1.20.1-1.3.0.jar	integratedcrafting-1.21.1-neoforge-1.4.6-605.jar
integrateddynamics	HARD	1.28.1	1.33.4	1649	1690	2	1	IntegratedDynamics-1.20.1-1.28.1.jar	integrateddynamics-1.21.1-neoforge-1.33.4-1907.jar
integrateddynamicscompat	HARD	1.28.1	1.33.4	1649	1690	2	1	IntegratedDynamics-1.20.1-1.28.1.jar	integrateddynamics-1.21.1-neoforge-1.33.4-1907.jar
integratedterminals	MODERATE	1.6.10	1.7.0	226	232	0	0	IntegratedTerminals-1.20.1-1.6.10.jar	integratedterminals-1.21.1-neoforge-1.7.0-800.jar
integratedterminalscompat	MODERATE	1.6.10	1.7.0	226	232	0	0	IntegratedTerminals-1.20.1-1.6.10.jar	integratedterminals-1.21.1-neoforge-1.7.0-800.jar
integratedtunnels	MODERATE	1.9.0	1.9.4	186	192	0	0	IntegratedTunnels-1.20.1-1.9.0.jar	integratedtunnels-1.21.1-neoforge-1.9.4-652.jar
integratedtunnelscompat	MODERATE	1.9.0	1.9.4	186	192	0	0	IntegratedTunnels-1.20.1-1.9.0.jar	integratedtunnels-1.21.1-neoforge-1.9.4-652.jar
invtweaks	TRIVIAL	1.2.2	1.21.1-1.3.2	19	22	0	0	invtweaks-1.20.1-1.2.2.jar	invtweaks-1.21.1-1.3.2.jar
ironfurnaces	MODERATE	4.1.6	4.3.2	182	165	0	0	ironfurnaces-1.20.1-4.1.6.jar	ironfurnaces-neoforge-1.21.1-4.3.2.jar
ironjetpacks	TRIVIAL	7.0.9	8.0.11	49	50	0	0	IronJetpacks-1.20.1-7.0.9.jar	IronJetpacks-1.21.1-8.0.11.jar
irons_spellbooks	HARD	1.20.1-3.4.0.11	1.21.1-3.16.2	886	1186	1	1	irons_spellbooks-1.20.1-3.4.0.11.jar	irons_spellbooks-1.21.1-3.16.2.jar
itemcollectors	TRIVIAL	1.1.11	1.1.10	31	31	0	1	itemcollectors-1.1.11-forge-mc1.20.2.jar	itemcollectors-1.1.10-neoforge-mc1.21.jar
jade	HARD	11.13.2+forge	15.10.5+neoforge	242	301	1	1	Jade-1.20.1-Forge-11.13.2.jar	Jade-1.21.1-NeoForge-15.10.5.jar
jearchaeology	TRIVIAL	1.20.1-1.0.4	1.21.1-1.2.0	25	27	0	0	jearchaeology-1.20.1-1.0.4.jar	jearchaeology-1.21.1-1.2.0.jar
jei	MODERATE	15.20.0.116	19.43.0.392	880	993	0	0	jei-1.20.1-forge-15.20.0.116.jar	jei-1.21.1-neoforge-19.43.0.392.jar
jei_mekanism_multiblocks	HARD	4.14	7.16	65	70	0	0	JustEnoughMekanismMultiblocks-1.20.1-4.14.jar	JustEnoughMekanismMultiblocks-1.21.1-7.16.jar
journeymap	NIGHTMARE	5.10.3	1.21.1-6.0.2	2382	864	1	2	journeymap-1.20.1-5.10.3-forge.jar	journeymap-neoforge-1.21.1-6.0.2.jar
jumpboat	HARD	1.20.0-1.0.5	1.21.0-1.0.5	4	4	0	0	jumpboat-1.20.0-1.0.5.jar	jumpboat-1.21.0-1.0.5.jar
justenoughprofessions	TRIVIAL	3.0.1	4.0.5	11	12	0	0	JustEnoughProfessions-forge-1.20.1-3.0.1.jar	JustEnoughProfessions-neoforge-1.21.1-4.0.5.jar
justzoom	HARD	2.1.1	2.1.0	24	24	2	2	justzoom_forge_2.1.1_MC_1.20.1.jar	justzoom_neoforge_2.1.0_MC_1.21.1.jar
konkrete	HARD	1.8.0	1.9.9	399	411	0	2	konkrete_forge_1.8.0_MC_1.20-1.20.1.jar	konkrete_neoforge_1.9.9_MC_1.21.jar
kubejs	NIGHTMARE	2001.6.5-build.16	2101.7.2-build.368	829	1085	2	1	kubejs-forge-2001.6.5-build.16.jar	kubejs-neoforge-2101.7.2-build.368.jar
laserio	MODERATE	1.6.8	1.9.11	191	211	0	0	laserio-1.6.8.jar	laserio-1.9.11.jar
lionfishapi	HARD	2.4-Fix	3.1	77	51	1	1	lionfishapi-2.4-Fix.jar	lionfishapi-3.1.jar
lithostitched	HARD	1.4.11	1.7.13	163	339	2	3	lithostitched-forge-1.20.1-1.4.11.jar	lithostitched-1.7.13-neoforge-21.1.jar
lootr	HARD	0.7.35.92	1.21.1-1.11.37.122	99	316	1	3	lootr-forge-1.20-0.7.35.93.jar	lootr-neoforge-1.21.1-1.11.37.122.jar
mahoutsukai	HARD	1.20.1-v1.34.78	1.21.1-v1.36.27	714	796	1	1	mahoutsukai-1.20.1-v1.34.78.jar	mahoutsukai-1.21.1-v1.36.27.jar
mcjtylib	MODERATE	1.20-8.0.7	1.21-9.0.21	424	388	0	0	mcjtylib-1.20-8.0.7.jar	mcjtylib-1.21-9.0.21.jar
mcwbridges	TRIVIAL	3.1.0	3.1.2	31	29	0	0	mcw-bridges-3.1.0-mc1.20.1forge.jar	mcw-bridges-3.1.2-mc1.21.1neoforge.jar
mcwdoors	TRIVIAL	1.1.2	1.1.5	14	15	0	0	mcw-doors-1.1.2-mc1.20.1forge.jar	mcw-doors-1.1.5-mc1.21.1neoforge.jar
mcwfences	TRIVIAL	1.2.0	1.2.1	19	19	0	0	mcw-fences-1.2.0-1.20.1forge.jar	mcw-mcwfences-1.2.1-mc1.21.1neoforge.jar
mcwfurnitures	TRIVIAL	3.3.0	3.4.1	46	56	0	0	mcw-furniture-3.3.0-mc1.20.1forge.jar	mcw-furniture-3.4.1-mc1.21.1neoforge.jar
mcwlights	TRIVIAL	1.1.2	1.1.5	40	40	0	0	mcw-lights-1.1.2-mc1.20.1forge.jar	mcw-lights-1.1.5-mc1.21.1neoforge.jar
mcwpaths	TRIVIAL	1.1.1	1.1.1	11	11	0	0	mcw-mcwpaths-1.1.1-mc1.20.1forge.jar	mcw-mcwpaths-1.1.1-mc1.21.1neoforge.jar
mcwroofs	TRIVIAL	2.3.2	2.3.2	24	23	0	0	mcw-roofs-2.3.2-mc1.20.1forge.jar	mcw-roofs-2.3.2-mc1.21.1neoforge.jar
mcwtrpdoors	TRIVIAL	1.1.4	1.1.5	6	7	0	0	mcw-trapdoors-1.1.4-mc1.20.1forge.jar	mcw-trapdoors-1.1.5-mc1.21.1neoforge.jar
mcwwindows	TRIVIAL	2.4.1	2.4.2	39	39	0	0	mcw-mcwwindows-2.4.1-mc1.20.1forge.jar	mcw-mcwwindows-2.4.2-mc1.21.1neoforge.jar
measurements	TRIVIAL	2.0.1	3.0.3	26	28	0	0	Measurements-forge-1.20.1-2.0.1.jar	Measurements-neoforge-1.21.1-3.0.3.jar
megacells	HARD	2.4.6-1.20.1	4.11.0	77	86	2	1	megacells-forge-2.4.6-1.20.1.jar	megacells-4.11.0.jar
mekanism	MODERATE	10.4.15	10.7.19	3140	2975	0	0	Mekanism-1.20.1-10.4.15.75.jar	Mekanism-1.21.1-10.7.19.85.jar
mekanismgenerators	MODERATE	10.4.15	10.7.19	160	170	0	0	MekanismGenerators-1.20.1-10.4.15.75.jar	MekanismGenerators-1.21.1-10.7.19.85.jar
mekanismtools	TRIVIAL	10.4.15	10.7.19	65	69	0	0	MekanismTools-1.20.1-10.4.15.75.jar	MekanismTools-1.21.1-10.7.19.85.jar
memorysettings	HARD	1.20.1-5.9	6.0	10	10	1	1	memorysettings-1.20.1-5.9.jar	memorysettings-1.21-6.0.jar
merequester	HARD	1.20.1-1.1.5	1.21.1-1.4.3	79	75	1	1	merequester-forge-1.20.1-1.1.5.jar	merequester-neoforge-1.21.1-1.4.3.jar
minecolonies	MODERATE	1.20.1-1.1.1065-snapshot	1.1.1367-1.21.1-snapshot	2478	2503	0	0	minecolonies-1.20.1-1.1.1065-snapshot.jar	minecolonies-1.1.1367-1.21.1-snapshot.jar
mininggadgets	TRIVIAL	1.15.6	1.18.7	122	126	0	0	mininggadgets-1.15.6.jar	mininggadgets-1.18.7.jar
mob_grinding_utils	MODERATE	1.20.1-1.1.0	1.1.10+mc1.21.1	177	174	0	1	mob_grinding_utils-1.20.1-1.1.0.jar	mob_grinding_utils-1.1.10+mc1.21.1.jar
modelfix	HARD	1.15	1.21-1.10	15	18	1	1	modelfix-1.15.jar	modelfix-1.21-1.10.jar
modernfix	NIGHTMARE	5.24.4+mc1.20.1	5.27.20+mc1.21.1	351	311	2	1	modernfix-forge-5.24.4+mc1.20.1.jar	modernfix-neoforge-5.27.20+mc1.21.1.jar
modonomicon	MODERATE	1.79.2	1.120.4	348	411	2	1	modonomicon-1.20.1-forge-1.79.2.jar	modonomicon-1.21.1-neoforge-1.120.4.jar
modularrouters	MODERATE	12.1.1+mc1.20.1	13.2.7	361	376	0	1	modular-routers-12.1.1+mc1.20.1.jar	modular-routers-13.2.7+mc1.21.1.jar
moonlight	NIGHTMARE	1.20-2.16.14	1.21.1-3.3.0	492	815	2	2	moonlight-1.20-2.16.14-forge.jar	moonlight-neoforge-1.21.1-3.3.0.jar
moredragoneggs	HARD	4.0	5.0	3	3	2	1	moredragoneggs-4.0.jar	moredragoneggs-5.0.jar
moreoverlays	HARD	1.24.1	1.24.2	42	42	0	0	moreoverlays-1.24.1-mc1.20.1-forge.jar	moreoverlays-1.24.2-mc1.21.1-neoforge.jar
morered	HARD	4.0.0.4	6.0.0.3	115	106	1	1	morered-1.20.1-4.0.0.4.jar	morered-1.21.1-6.0.0.3.jar
mousetweaks	HARD	2.25.1	2.26.1	23	22	3	2	MouseTweaks-forge-mc1.20.1-2.25.1.jar	MouseTweaks-neoforge-mc1.21-2.26.1.jar
multipiston	TRIVIAL	1.20-1.2.43-RELEASE	1.2.58-1.21.1	14	10	0	0	multipiston-1.20-1.2.43-RELEASE.jar	multipiston-1.2.58-1.21.1.jar
mysticalagradditions	TRIVIAL	7.0.11	8.0.14	37	35	0	0	MysticalAgradditions-1.20.1-7.0.11.jar	MysticalAgradditions-1.21.1-8.0.14.jar
mysticalagriculture	MODERATE	7.0.23	8.0.27	291	295	0	0	MysticalAgriculture-1.20.1-7.0.23.jar	MysticalAgriculture-1.21.1-8.0.27.jar
mysticalcustomization	TRIVIAL	5.0.3	6.0.2	18	18	0	0	MysticalCustomization-1.20.1-5.0.3.jar	MysticalCustomization-1.21.1-6.0.2.jar
naturesaura	MODERATE	39.4	41.9	312	315	0	0	NaturesAura-39.4.jar	NaturesAura-41.9.jar
naturescompass	TRIVIAL	1.20.1-1.11.2-forge	1.21.1-3.4.0-neoforge	32	33	0	0	NaturesCompass-1.20.1-1.11.2-forge.jar	NaturesCompass-1.21.1-3.4.0-neoforge.jar
netherportalfix	HARD	13.0.1	21.1.1	8	6	1	2	netherportalfix-forge-1.20-13.0.1.jar	netherportalfix-neoforge-1.21.1-21.1.1.jar
nochatreports	NIGHTMARE	1.20.1-v2.2.2	1.21.1-v2.9.1	88	88	2	2	NoChatReports-FORGE-1.20.1-v2.2.2.jar	NoChatReports-NEOFORGE-1.21.1-v2.9.1.jar
novillagerdm	TRIVIAL	5.0.0	6.0.0	3	3	0	0	novillagerdm-1.20.1-5.0.0.jar	novillagerdm-1.21.1-6.0.0.jar
observable	HARD	4.4.2	5.4.4	237	193	0	0	observable-4.4.2.jar	observable-5.4.4.jar
occultism	MODERATE	1.152.1	1.224.1	634	950	0	0	occultism-1.20.1-1.152.1.jar	occultism-1.21.1-neoforge-1.224.1.jar
patchouli	HARD	1.20.1-84.1-FORGE	1.21.1-93-NEOFORGE	196	198	1	1	Patchouli-1.20.1-84.1-FORGE.jar	Patchouli-1.21.1-93-NEOFORGE.jar
pipez	MODERATE	1.20.1-1.2.26	1.21.1-1.2.31	203	212	0	0	pipez-forge-1.20.1-1.2.26.jar	pipez-neoforge-1.21.1-1.2.31.jar
placebo	NIGHTMARE	8.6.3	9.9.2	153	164	1	1	Placebo-1.20.1-8.6.3.jar	Placebo-1.21.1-9.9.2.jar
playeranimator	HARD	1.0.2-rc1+1.20	2.0.4+1.21.1	115	127	1	1	player-animation-lib-forge-1.0.2-rc1+1.20.jar	player-animation-lib-forge-2.0.4+1.21.1.jar
pneumaticcraft	HARD	6.0.21+mc1.20.1	8.2.23	2180	2182	2	1	pneumaticcraft-repressurized-6.0.21+mc1.20.1.jar	pneumaticcraft-repressurized-8.2.23+mc1.21.1.jar
polyeng	HARD	0.1.1-1.20.1	0.4.1	8	10	1	1	polyeng-forge-0.1.1-1.20.1.jar	polyeng-0.4.1.jar
polymorph	HARD	0.49.10+1.20.1	1.1.0+1.21.1	91	98	2	3	polymorph-forge-0.49.10+1.20.1.jar	polymorph-neoforge-1.1.0+1.21.1.jar
ponderjs	HARD	2.0.6	1.21.1-2.4.0	59	57	1	1	ponderjs-1.20.1-2.0.6.jar	ponderjs-neoforge-1.21.1-2.4.0.jar
potionsmaster	TRIVIAL	0.6.0	1.0.1	92	75	0	0	potionsmaster-1.20.1-47.1.70-0.6.0.jar	potionsmaster-21.1.113-1.0.1.jar
powah	MODERATE	5.0.11	6.2.10	370	351	0	0	Powah-5.0.11.jar	Powah-6.2.10.jar
productivebees	MODERATE	1.20.1-12.6.0	1.21.1-13.13.5	527	524	0	0	productivebees-1.20.1-12.6.0.jar	productivebees-1.21.1-13.13.5.jar
productivetrees	MODERATE	1.20.1-0.2.6	1.21.1-1.0.0	156	185	0	0	productivetrees-1.20.1-0.2.6.jar	productivetrees-1.21.1-1.0.0.jar
pylons	TRIVIAL	4.2.1	5.4.2	74	106	0	0	pylons-1.20.1-4.2.1.jar	pylons-1.21.1-5.4.2.jar
quarryplus	MODERATE	1201.1.136	21.1.157	364	233	0	0	AdditionalEnchantedMiner-1.20.1-1201.1.136.jar	AdditionalEnchantedMiner-1.21.1-neoforge-21.1.157.jar
railcraft	HARD	1.1.10	1.2.10	1191	1204	1	1	railcraft-reborn-1.20.1-1.1.10.jar	railcraft-reborn-1.21.1-1.2.10.jar
rangedpumps	TRIVIAL	1.1.0	1.3.0	7	6	0	0	rangedpumps-1.1.0.jar	rangedpumps-1.3.0.jar
rechiseled	TRIVIAL	1.1.6	1.2.5	71	123	0	1	rechiseled-1.1.6-forge-mc1.20.jar	rechiseled-1.2.5-neoforge-mc1.21.jar
rechiseledcreate	TRIVIAL	1.0.2+b	1.1.1	16	19	0	1	rechiseledcreate-1.0.2b-forge-mc1.20.jar	rechiseledcreate-1.1.1-neoforge-mc1.21.jar
refinedstorage	MODERATE	1.12.4	2.0.9	783	1508	0	1	refinedstorage-1.12.4.jar	refinedstorage-neoforge-2.0.9.jar
reliquary	MODERATE	2.0.54.1304	2.0.77	476	456	0	0	reliquary-1.20.1-2.0.54.1304.jar	reliquary-1.21.1-2.0.77.1537.jar
repurposed_structures	NIGHTMARE	7.1.19+1.20.1-forge	7.5.21+1.21.1-neoforge	240	248	2	2	repurposed_structures-7.1.19+1.20.1-forge.jar	repurposed_structures-7.5.21+1.21.1-neoforge.jar
resourcefulconfig	TRIVIAL	2.1.3	3.0.11	80	186	0	1	resourcefulconfig-forge-1.20.1-2.1.3.jar	resourcefulconfig-neoforge-1.21-3.0.11.jar
resourcefullib	MODERATE	2.1.29	3.0.12	188	222	0	1	resourcefullib-forge-1.20.1-2.1.29.jar	resourcefullib-neoforge-1.21-3.0.12.jar
rftoolsbase	MODERATE	1.20-5.0.6	1.21-6.0.11	162	182	0	0	rftoolsbase-1.20-5.0.6.jar	rftoolsbase-1.21-6.0.11.jar
rftoolsbuilder	MODERATE	1.20-6.0.8	1.21-7.0.5	189	222	0	0	rftoolsbuilder-1.20-6.0.8.jar	rftoolsbuilder-1.21-7.0.5.jar
rftoolspower	TRIVIAL	1.20-6.0.2	1.21-7.0.6	96	104	0	0	rftoolspower-1.20-6.0.2.jar	rftoolspower-1.21-7.0.6.jar
rftoolsstorage	TRIVIAL	1.20-5.0.3	1.21-6.0.5	131	131	0	0	rftoolsstorage-1.20-5.0.3.jar	rftoolsstorage-1.21-6.0.5.jar
rftoolsutility	MODERATE	1.20-6.0.6	1.21-7.0.12	308	308	0	0	rftoolsutility-1.20-6.0.6.jar	rftoolsutility-1.21-7.0.12.jar
rhino	HARD	2001.2.3-build.10	2101.2.7-build.81	446	346	1	0	rhino-forge-2001.2.3-build.10.jar	rhino-2101.2.7-build.81.jar
searchables	HARD	1.0.3	1.0.2	41	41	2	2	Searchables-forge-1.20.1-1.0.3.jar	Searchables-neoforge-1.21.1-1.0.2.jar
securitycraft	HARD	1.10.0.1	1.10.2.1	710	759	1	1	[1.20.1] SecurityCraft v1.10.0.1.jar	[1.21.1] SecurityCraft v1.10.2.1.jar
sfm	HARD	4.26.0	4.34.0	737	821	1	1	Super Factory Manager (SFM)-MC1.20.1-4.26.0.jar	Super Factory Manager (SFM)-MC1.21.1-4.34.0.jar
shrink	HARD	1.4.5	2.0.1.47	45	22	1	1	Shrink-1.20.1-1.4.5.jar	shrink-2.0.1.47-neoforge.jar
silentgear	HARD	3.6.7	4.2.1.1	535	636	1	1	silent-gear-1.20.1-3.6.7.jar	silent-gear-1.21.1-neoforge-4.2.1.1.jar
silentlib	TRIVIAL	8.0.0	10.6.0	143	87	0	0	silent-lib-1.20.1-8.0.0.jar	silent-lib-1.21.1-neoforge-10.6.0.jar
simplebackups	TRIVIAL	1.20.1-3.1.17	1.21-4.0.30	20	27	0	0	SimpleBackups-1.20.1-3.1.17.jar	SimpleBackups-1.21-4.0.30.jar
simplemagnets	TRIVIAL	1.1.12	1.1.12+c	58	61	0	1	simplemagnets-1.1.12-forge-mc1.20.1.jar	simplemagnets-1.1.12c-neoforge-mc1.21.jar
simplylight	TRIVIAL	1.20.1-1.4.6-build.50	1.5.3	30	42	0	0	simplylight-1.20.1-1.4.6-build.50.jar	simplylight-1.5.3+1.21.1-b4.jar
smartbrainlib	TRIVIAL	1.15	1.16.11	119	130	0	0	SmartBrainLib-forge-1.20.1-1.15.jar	SmartBrainLib-neoforge-1.21.1-1.16.11.jar
solcarrot	TRIVIAL	1.15.1	1.16.6	54	54	0	0	solcarrot-1.20.1-1.15.1.jar	solcarrot-1.21.1-1.16.6.jar
sophisticatedbackpacks	MODERATE	3.24.9.1391	3.25.73	303	362	0	1	sophisticatedbackpacks-1.20.1-3.24.9.1391.jar	sophisticatedbackpacks-1.21.1-3.25.73.2020.jar
sophisticatedcore	MODERATE	1.2.105.1230	1.4.80	660	777	0	2	sophisticatedcore-1.20.1-1.2.105.1230.jar	sophisticatedcore-1.21.1-1.4.80.2194.jar
sophisticatedstorage	MODERATE	1.4.11.1344	1.5.83	347	390	0	0	sophisticatedstorage-1.20.1-1.4.11.1344.jar	sophisticatedstorage-1.21.1-1.5.83.2017.jar
spark	MODERATE	1.10.53	1.10.124	1298	1625	0	0	spark-1.10.53-forge.jar	spark-1.10.124-neoforge.jar
structory	TRIVIAL	1.3.5	1.3.17	0	0	0	0	Structory_1.20.x_v1.3.5.jar	Structory_26.2_v1.3.7.jar
structurize	MODERATE	1.20.1-1.0.784-snapshot	1.0.832-1.21.1-snapshot	290	268	0	0	structurize-1.20.1-1.0.784-snapshot.jar	structurize-1.0.832-1.21.1-snapshot.jar
stylecolonies	TRIVIAL	1.20.1-1.15.39	1.15.56-1.21.1	1	1	0	0	stylecolonies-1.20.1-1.15.39.jar	stylecolonies-1.15.56-1.21.1.jar
supermartijn642configlib	TRIVIAL	1.1.8	1.1.8	44	44	0	0	supermartijn642configlib-1.1.8-forge-mc1.20.jar	supermartijn642configlib-1.1.8-neoforge-mc1.21.jar
supermartijn642corelib	HARD	1.1.18	1.1.22	181	204	2	1	supermartijn642corelib-1.1.18-forge-mc1.20.1.jar	supermartijn642corelib-1.1.22-neoforge-mc1.21.jar
supplementaries	NIGHTMARE	1.20-3.1.40	1.21.1-3.8.5	1097	1218	2	2	supplementaries-1.20-3.1.40.jar	supplementaries-neoforge-1.21.1-3.8.5.jar
sushigocrafting	TRIVIAL	0.5.3	0.6.5	122	124	0	0	sushigocrafting-1.20.1-0.5.3.jar	sushigocrafting-1.21-0.6.5.jar
t_and_t	TRIVIAL	1.10.2	1.13.9	1	3	0	0	Towns-and-Towers-1.12-Fabric+Forge.jar	t_and_t-neoforge-fabric-1.13.9+1.21.1.jar
tempad	HARD	2.3.4	3.0.4	83	519	2	1	tempad-forge-1.20.1-2.3.4.jar	tempad-1.21.1-3.0.4-all.jar
terrablender	HARD	3.0.1.10	4.1.0.8	53	63	2	2	TerraBlender-forge-1.20.1-3.0.1.10.jar	TerraBlender-neoforge-1.21.1-4.1.0.8.jar
theurgy	MODERATE	1.25.0	1.76.0	456	637	0	0	theurgy-1.20.1-1.25.0.jar	theurgy-1.21.1-neoforge-1.76.0.jar
tiab	TRIVIAL	4.0.4-mc1.20.1	6.5.4	37	38	0	0	time-in-a-bottle-4.0.4-mc1.20.1.jar	tiab-neoforge-6.5.4.jar
titanium	MODERATE	3.8.32	4.0.45	329	315	0	0	titanium-1.20.1-3.8.32.jar	titanium-1.21-4.0.45.jar
toastcontrol	NIGHTMARE	8.0.3	9.0.1	6	6	1	1	ToastControl-1.20.1-8.0.3.jar	ToastControl-1.21.1-9.0.1.jar
tombstone	NIGHTMARE	9.0.9	9.5.3	647	601	2	1	tombstone-1.20.1-9.0.9.jar	tombstone-neoforge-1.21.1-9.5.3.jar
toolbelt	TRIVIAL	1.20.02	2.2.10	106	76	0	0	ToolBelt-1.20.1-1.20.02.jar	ToolBelt-1.21.1-2.2.10.jar
torchmaster	TRIVIAL	20.1.9	21.1.9	41	57	0	2	torchmaster-20.1.9.jar	torchmaster-neoforge-1.21.1-21.1.9.jar
towntalk	TRIVIAL	1.1.0	1.2.0	3	3	0	0	towntalk-1.20.1-1.1.0.jar	towntalk-1.2.0.jar
trashcans	TRIVIAL	1.0.18b	1.0.18+c	59	60	0	1	trashcans-1.0.18b-forge-mc1.20.jar	trashcans-1.0.18c-neoforge-mc1.21.jar
trashslot	TRIVIAL	15.1.2	21.1.11	40	47	1	2	trashslot-forge-1.20-15.1.2.jar	trashslot-neoforge-1.21.1-21.1.11.jar
twilightforest	NIGHTMARE	4.3.2508	4.8.3345	1570	1943	0	0	twilightforest-1.20.1-4.3.2508-universal.jar	twilightforest-1.21.1-4.8.3345-universal.jar
undergarden	HARD	0.8.14	0.9.6	391	427	1	1	The_Undergarden-1.20.1-0.8.14.jar	The_Undergarden-1.21.1-0.9.6.jar
universalgrid	HARD	1.20.1-1.1	1.21.1-0.3.2	18	62	1	1	universalgrid-1.20.1-1.1.jar	universalgrid-neoforge-1.21.1-0.3.2.jar
utilitarian	HARD	1.20.1-0.9.1	1.21.1-0.19.2	37	70	0	0	utilitarian-1.20.1-0.9.1.jar	utilitarian-1.21.1-0.19.2.jar
valhelsia_core	HARD	1.1.2	1.1.5	122	115	2	2	valhelsia_core-forge-1.20.1-1.1.2.jar	valhelsia_core-neoforge-1.21.1-1.1.5.jar
waystones	HARD	14.1.17	21.1.39	182	379	1	2	waystones-forge-1.20.1-14.1.17.jar	waystones-neoforge-1.21.1-21.1.39.jar
wirelesschargers	TRIVIAL	1.0.10	1.0.9+a	26	27	0	1	wirelesschargers-1.0.10-forge-mc1.20.4.jar	wirelesschargers-1.0.9a-neoforge-mc1.21.jar
wstweaks	NIGHTMARE	9.1.0	10.1.1	5	6	1	1	WitherSkeletonTweaks-1.20.1-9.1.0.jar	WitherSkeletonTweaks-1.21.1-10.1.1.jar
xnet	MODERATE	1.20-6.1.6	1.21-7.0.7	178	186	0	0	xnet-1.20-6.1.6.jar	xnet-1.21-7.0.7.jar
yeetusexperimentus	HARD	2.3.1-build.6+mc1.20.1	87.0.0	4	6	1	2	YeetusExperimentus-Forge-2.3.1-build.6+mc1.20.1.jar	yeetusexperimentus-neoforge-87.0.0.jar
yungsapi	HARD	1.20-Forge-4.0.6	1.21.1-NeoForge-5.1.6	167	179	2	2	YungsApi-1.20-Forge-4.0.6.jar	YungsApi-1.21.1-NeoForge-5.1.6.jar
yungsextras	TRIVIAL	1.20-Forge-4.0.3	1.21.1-NeoForge-5.1.1	29	29	2	0	YungsExtras-1.20-Forge-4.0.3.jar	YungsExtras-1.21.1-NeoForge-5.1.1.jar
zerocore	MODERATE	1.20.1-2.1.47	1.21.1-2.4.21	771	794	0	1	ZeroCore2-1.20.1-2.1.47.jar	ZeroCore2-1.21.1-2.4.21.jar
