AE2NetworkAnalyzer-1.21-2.1.5-neoforge	AE2NetworkAnalyzer-1.21-2.1.5-neoforge.jar	
aiimprovements	AI-Improvements-1.21-0.5.3.jar	AI-Improvements-1.20-0.5.2.jar
quarryplus	AdditionalEnchantedMiner-1.21.1-neoforge-21.1.157.jar	AdditionalEnchantedMiner-1.20.1-1201.1.136.jar
advanced_ae	AdvancedAE-1.6.11-1.21.1.jar	AdvancedAE-1.2.7-1.20.1.jar
advancedperipherals	AdvancedPeripherals-1.21.1-0.7.62b.jar	AdvancedPeripherals-1.20.1-0.7.46r.jar
AkashicTome-1.8-30	AkashicTome-1.8-30.jar	
apotheosis	Apotheosis-1.21.1-8.6.1.jar	Apotheosis-1.20.1-7.4.8.jar
ApothicAttributes-1.21.1-2.10.1	ApothicAttributes-1.21.1-2.10.1.jar	
ApothicEnchanting-1.21.1-1.6.0	ApothicEnchanting-1.21.1-1.6.0.jar	
ApothicSpawners-1.21.1-1.4.0	ApothicSpawners-1.21.1-1.4.0.jar	
appmek	Applied-Mekanistics-1.6.3.jar	Applied-Mekanistics-1.4.2.jar
appflux	AppliedFlux-1.21-2.1.5-neoforge.jar	AppliedFlux-1.20-1.3.4-forge.jar
aquaculture	Aquaculture-1.21.1-2.7.21.jar	Aquaculture-1.20.1-2.5.5.jar
Auroras-1.21-1.6.2	Auroras-1.21-1.6.2.jar	
betteradvancements	BetterAdvancements-NeoForge-1.21.1-0.4.3.21.jar	BetterAdvancements-Forge-1.20.1-0.4.2.25.jar
brandonscore	BrandonsCore-1.21.1-3.2.1.309.jar	BrandonsCore-1.20.1-3.2.1.302-universal.jar
BridgingMod-2.6.2_1.21.1.neoforge-release	BridgingMod-2.6.2+1.21.1.neoforge-release.jar	
Byzantine-1.21.1-51	Byzantine-1.21.1-51.jar	
CTM-1.21-1.2.1_3	CTM-1.21-1.2.1+3.jar	
CloudGlass-1.21.1-1.0.2	CloudGlass-1.21.1-1.0.2.jar	
clumps	Clumps-neoforge-1.21.1-19.0.0.1.jar	Clumps-forge-1.20.1-12.0.0.4.jar
codechickenlib	CodeChickenLib-1.21.1-4.6.1.529.jar	CodeChickenLib-1.20.1-4.4.0.516-universal.jar
ConstructionSticks-1.21.1-1.4.1	ConstructionSticks-1.21.1-1.4.1.jar	
controlling	Controlling-neoforge-1.21.1-19.0.5.jar	Controlling-forge-1.20.1-12.0.2.jar
corgilib	Corgilib-NeoForge-1.21.1-5.0.0.9.jar	CorgiLib-forge-1.20.1-4.0.1.3.jar
crash_assistant	CrashAssistant-neoforge-1.20.6-1.21.4-1.11.11.jar	CrashAssistant-forge-1.19-1.20.1-1.10.10.jar
CreateDragonsPlus-1.11.3	CreateDragonsPlus-1.11.3.jar	
creeperoverhaul	CreeperOverhaul-neoforge-1.21.1-4.0.6.jar	creeperoverhaul-3.0.2-forge.jar
cucumber	Cucumber-1.21.1-8.0.16.jar	Cucumber-1.20.1-7.0.15.jar
dimstorage	DimStorage-1.21.1-9.1.1.jar	DimStorage-1.20.1-8.0.1.jar
draconicevolution	Draconic-Evolution-1.21.1-3.1.4.632.jar	Draconic-Evolution-1.20.1-3.1.2.621-universal.jar
dungeoncrawl	DungeonCrawl-NeoForge-1.21-2.3.17.jar	Dungeon Crawl-1.20.1-2.3.15.jar
dungeons_arise	DungeonsArise-1.21.1-2.1.68-release.jar	DungeonsArise-1.20.x-2.1.58-release.jar
edivadlib	EdivadLib-1.21-3.0.0.jar	EdivadLib-1.20.1-2.0.1.jar
EnderStorage-1.21.1-2.13.0.191	EnderStorage-1.21.1-2.13.0.191.jar	
euphoria_patcher	EuphoriaPatcher-1.9.3-r5.8.1-neoforge.jar	EuphoriaPatcher-1.7.2-r5.6.1-forge.jar
ExplorersCompass-1.21.1-3.4.0-neoforge	ExplorersCompass-1.21.1-3.4.0-neoforge.jar	
Explorify_v1.6.5.mod	Explorify v1.6.5.mod.jar	
ExtendedAE-1.21-2.2.35-neoforge	ExtendedAE-1.21-2.2.35-neoforge.jar	
extradisks	ExtraDisks-1.21.1-4.0.15.jar	ExtraDisks-1.20.1-3.0.3.jar
extrastorage	ExtraStorage-1.21.1-5.0.10.jar	ExtraStorage-1.20.1-4.0.7.jar
bigreactors	ExtremeReactors2-1.21.1-2.4.28.jar	ExtremeReactors2-1.20.1-2.0.94.jar
extremesoundmuffler	ExtremeSoundMuffler-3.56_NeoForge-1.21.jar	ExtremeSoundMuffler-3.49.1-forge-1.20.1.jar
farmersdelight	FarmersDelight-1.21.1-1.3.2.jar	FarmersDelight-1.20.1-1.2.9.jar
fastfurnace	FastFurnace-1.21.1-9.0.1.jar	FastFurnace-1.20.1-8.0.2.jar
fastsuite	FastSuite-1.21.1-6.0.7.jar	FastSuite-1.20.1-5.1.0.jar
fastbench	FastWorkbench-1.21.1-9.1.3.jar	FastWorkbench-1.20.1-8.0.4.jar
fluxnetworks	FluxNetworks-1.21.1-8.0.0.jar	FluxNetworks-1.20.1-7.2.1.15.jar
framedblocks	FramedBlocks-10.6.1.jar	FramedBlocks-9.4.2.jar
gateways	GatewaysToEternity-1.21.1-5.1.0.jar	GatewaysToEternity-1.20.1-4.2.6.jar
glassential	Glassential-renewed-1.21.1-3.4.5.jar	glassential-renewed-forge-1.20.1-2.4.5.jar
glodium	Glodium-1.21-2.2-neoforge.jar	Glodium-1.20-1.5-forge.jar
GravitationalModulatingAdditionalUnit-1.21.1-6.4	GravitationalModulatingAdditionalUnit-1.21.1-6.4.jar	
HellishTrials-neoforge-1.0.5	HellishTrials-neoforge-1.0.5.jar	
hostilenetworks	HostileNeuralNetworks-1.21.1-6.5.1.jar	HostileNeuralNetworks-1.20.1-5.3.3.jar
Iceberg-1.21.1-neoforge-1.3.2	Iceberg-1.21.1-neoforge-1.3.2.jar	
ImmediatelyFast-NeoForge-1.6.11_1.21.1	ImmediatelyFast-NeoForge-1.6.11+1.21.1.jar	
Immersive-Energistics-1.1.0-beta	Immersive-Energistics-1.1.0-beta.jar	
immersiveengineering	ImmersiveEngineering-1.21.1-12.4.2-194.jar	ImmersiveEngineering-1.20.1-10.2.0-183.jar
IrisSearch-1.5.1-neoforge	IrisSearch-1.5.1-neoforge.jar	
ironjetpacks	IronJetpacks-1.21.1-8.0.11.jar	IronJetpacks-1.20.1-7.0.9.jar
jade	Jade-1.21.1-NeoForge-15.10.5.jar	Jade-1.20.1-Forge-11.13.2.jar
jei_mekanism_multiblocks	JustEnoughMekanismMultiblocks-1.21.1-7.16.jar	JustEnoughMekanismMultiblocks-1.20.1-4.14.jar
justenoughprofessions	JustEnoughProfessions-neoforge-1.21.1-4.0.5.jar	JustEnoughProfessions-forge-1.20.1-3.0.1.jar
KeybindsPurger-1.4.0-neoforge-1.21.1	KeybindsPurger-1.4.0-neoforge-1.21.1.jar	
cataclysm	L_Ender's Cataclysm 1.21.1-3.32.jar	L_Enders_Cataclysm-3.16.jar
measurements	Measurements-neoforge-1.21.1-3.0.3.jar	Measurements-forge-1.20.1-2.0.1.jar
mekanism	Mekanism-1.21.1-10.7.19.85.jar	Mekanism-1.20.1-10.4.15.75.jar
mekanismgenerators	MekanismGenerators-1.21.1-10.7.19.85.jar	MekanismGenerators-1.20.1-10.4.15.75.jar
mekanismtools	MekanismTools-1.21.1-10.7.19.85.jar	MekanismTools-1.20.1-10.4.15.75.jar
Modern-Dynamics-0.9.6	Modern-Dynamics-0.9.6.jar	
Modern-Industrialization-2.5.5	Modern-Industrialization-2.5.5.jar	
ModularBees-1.21.1-3.3-neoforge	ModularBees-1.21.1-3.3-neoforge.jar	
MoogsEndStructures-1.21-2.0.3	MoogsEndStructures-1.21-2.0.3.jar	
MoogsNetherStructures-1.21-3.0.0	MoogsNetherStructures-1.21-3.0.0.jar	
MoogsSoaringStructures-1.21-2.1.2	MoogsSoaringStructures-1.21-2.1.2.jar	
MoogsVoyagerStructures-1.21-5.0.14	MoogsVoyagerStructures-1.21-5.0.14.jar	
MoreRed-CCT-Compat-1.21.1-1.3.0	MoreRed-CCT-Compat-1.21.1-1.3.0.jar	
mousetweaks	MouseTweaks-neoforge-mc1.21-2.26.1.jar	MouseTweaks-forge-mc1.20.1-2.25.1.jar
mysticalagradditions	MysticalAgradditions-1.21.1-8.0.14.jar	MysticalAgradditions-1.20.1-7.0.11.jar
mysticalagriculture	MysticalAgriculture-1.21.1-8.0.27.jar	MysticalAgriculture-1.20.1-7.0.23.jar
mysticalcustomization	MysticalCustomization-1.21.1-6.0.2.jar	MysticalCustomization-1.20.1-5.0.3.jar
naturesaura	NaturesAura-41.9.jar	NaturesAura-39.4.jar
naturescompass	NaturesCompass-1.21.1-3.4.0-neoforge.jar	NaturesCompass-1.20.1-1.11.2-forge.jar
NeoAuth-1.21.1-1.0.1	NeoAuth-1.21.1-1.0.1.jar	
nochatreports	NoChatReports-NEOFORGE-1.21.1-v2.9.1.jar	NoChatReports-FORGE-1.20.1-v2.2.2.jar
Nullscape_1.21.x_v1.2.14	Nullscape_1.21.x_v1.2.14.jar	
OctoLib-NEOFORGE-0.6.2_1.21	OctoLib-NEOFORGE-0.6.2+1.21.jar	
Oh-The-Biomes-Weve-Gone-NeoForge-2.6.0	Oh-The-Biomes-Weve-Gone-NeoForge-2.6.0.jar	
Oh-The-Trees-Youll-Grow-neoforge-1.21.1-5.3.2	Oh-The-Trees-Youll-Grow-neoforge-1.21.1-5.3.2.jar	
OpenLoader-neoforge-1.21.1-21.1.5	OpenLoader-neoforge-1.21.1-21.1.5.jar	
patchouli	Patchouli-1.21.1-93-NEOFORGE.jar	Patchouli-1.20.1-84.1-FORGE.jar
placebo	Placebo-1.21.1-9.9.2.jar	Placebo-1.20.1-8.6.3.jar
powah	Powah-6.2.10.jar	Powah-5.0.11.jar
Prism-1.21.1-neoforge-1.0.11	Prism-1.21.1-neoforge-1.0.11.jar	
Rainbows-1.21-1.5	Rainbows-1.21-1.5.jar	
RootsClassic-1.21.1-1.5.7	RootsClassic-1.21.1-1.5.7.jar	
ScalableCatsForce-NeoForge-3.7.1-build-11-with-library	ScalableCatsForce-NeoForge-3.7.1-build-11-with-library.jar	
searchables	Searchables-neoforge-1.21.1-1.0.2.jar	Searchables-forge-1.20.1-1.0.3.jar
simplebackups	SimpleBackups-1.21-4.0.30.jar	SimpleBackups-1.20.1-3.1.17.jar
smartbrainlib	SmartBrainLib-neoforge-1.21.1-1.16.11.jar	SmartBrainLib-forge-1.20.1-1.15.jar
structory	Structory_26.2_v1.3.7.jar	Structory_1.20.x_v1.3.5.jar
Structory_Towers_26.1_v1.0.16	Structory_Towers_26.1_v1.0.16.jar	
sfm	Super Factory Manager (SFM)-MC1.21.1-4.34.0.jar	Super Factory Manager (SFM)-MC1.20.1-4.26.0.jar
terrablender	TerraBlender-neoforge-1.21.1-4.1.0.8.jar	TerraBlender-forge-1.20.1-3.0.1.10.jar
undergarden	The_Undergarden-1.21.1-0.9.6.jar	The_Undergarden-1.20.1-0.8.14.jar
toastcontrol	ToastControl-1.21.1-9.0.1.jar	ToastControl-1.20.1-8.0.3.jar
toolbelt	ToolBelt-1.21.1-2.2.10.jar	ToolBelt-1.20.1-1.20.02.jar
UndergroundVillages-neoforge-1.21.1-4.0.3	UndergroundVillages-neoforge-1.21.1-4.0.3.jar	
wstweaks	WitherSkeletonTweaks-1.21.1-10.1.1.jar	WitherSkeletonTweaks-1.20.1-9.1.0.jar
yungsapi	YungsApi-1.21.1-NeoForge-5.1.6.jar	YungsApi-1.20-Forge-4.0.6.jar
betterdeserttemples	YungsBetterDesertTemples-1.21.1-NeoForge-4.1.5.jar	YungsBetterDesertTemples-1.20-Forge-3.0.3.jar
betterdungeons	YungsBetterDungeons-1.21.1-NeoForge-5.1.4.jar	YungsBetterDungeons-1.20-Forge-4.0.4.jar
betterendisland	YungsBetterEndIsland-1.21.1-NeoForge-3.1.2.jar	YungsBetterEndIsland-1.20-Forge-2.0.6.jar
betterjungletemples	YungsBetterJungleTemples-1.21.1-NeoForge-3.1.2.jar	YungsBetterJungleTemples-1.20-Forge-2.0.5.jar
bettermineshafts	YungsBetterMineshafts-1.21.1-NeoForge-5.1.1.jar	YungsBetterMineshafts-1.20-Forge-4.0.4.jar
betterfortresses	YungsBetterNetherFortresses-1.21.1-NeoForge-3.1.5.jar	YungsBetterNetherFortresses-1.20-Forge-2.0.6.jar
betteroceanmonuments	YungsBetterOceanMonuments-1.21.1-NeoForge-4.1.2.jar	YungsBetterOceanMonuments-1.20-Forge-3.0.4.jar
betterstrongholds	YungsBetterStrongholds-1.21.1-NeoForge-5.1.3.jar	YungsBetterStrongholds-1.20-Forge-4.0.3.jar
betterwitchhuts	YungsBetterWitchHuts-1.21.1-NeoForge-4.1.1.jar	YungsBetterWitchHuts-1.20-Forge-3.0.3.jar
yungsextras	YungsExtras-1.21.1-NeoForge-5.1.1.jar	YungsExtras-1.20-Forge-4.0.3.jar
zerocore	ZeroCore2-1.21.1-2.4.21.jar	ZeroCore2-1.20.1-2.1.47.jar
securitycraft	[1.21.1] SecurityCraft v1.10.2.1.jar	[1.20.1] SecurityCraft v1.10.0.1.jar
ctov	[Neoforge]ctov-3.6.3.jar	[forge]ctov-3.4.14.jar
accelerated-decay-neoforge-21.0.0	accelerated-decay-neoforge-21.0.0.jar	
actuallyadditions-1.3.26_mc1.21.1	actuallyadditions-1.3.26+mc1.21.1.jar	
additional_lights	additional_lights-neoforge-1.21-2.1.10.jar	additional_lights-1.20.1-2.1.7.jar
ae2ct-1.21.1-1.1.1	ae2ct-1.21.1-1.1.1.jar	
ae2importexportcard-1.21.1-1.5.0	ae2importexportcard-1.21.1-1.5.0.jar	
ae2jeiintegration-1.2.1	ae2jeiintegration-1.2.1.jar	
ae2wtlib	ae2wtlib-19.5.1.jar	ae2wtlib-15.3.0-forge.jar
aeinfinitybooster	aeinfinitybooster-neoforge-1.21.1-1.0.0.58.jar	AEInfinityBooster-1.20.1-1.0.0+51.jar
aether	aether-1.21.1-1.5.10-neoforge.jar	aether-1.20.1-1.5.2-neoforge.jar
allthearcanistgear	allthearcanistgear-1.21.1-21.3.2.jar	allthearcanistgear-1.20.1-20.0.0.jar
allthecompressed	allthecompressed-1.21.1-4.4.0.jar	allthecompressed-1.20.1-3.0.2.jar
alltheleaks	alltheleaks-1.1.11+1.21.1-neoforge.jar	alltheleaks-1.0.7+1.20.1-forge.jar
allthemodium	allthemodium-3.0.1_mc_1.21.1.jar	allthemodium-1.20.1-47.1.25-2.5.6.jar
alltheores	alltheores-3.2.0_neoforge_1.21.1.jar	alltheores-1.20.1-47.1.3-2.2.4.jar
allthetweaks	allthetweaks-1.21.1-2.9.4.jar	allthetweaks-1.20.1-47.2.20-2.3.2.jar
allthewizardgear	allthewizardgear-1.21.1-1.1.12.jar	allthewizardgear-1.20.1-1.1.4.jar
almostunified	almostunified-neoforge-1.21.1-1.4.2.jar	almostunified-forge-1.20.1-0.10.1.jar
amendments	amendments-neoforge-1.21-2.1.7.jar	amendments-1.20-2.2.3.jar
appleskin	appleskin-neoforge-mc1.21-3.0.9.jar	appleskin-forge-mc1.20.1-2.5.1.jar
ae2	appliedenergistics2-19.2.17.jar	appliedenergistics2-forge-15.4.9.jar
architectury	architectury-13.0.11-neoforge.jar	architectury-9.2.14-forge.jar
ars_additions-1.21.1-21.3.0	ars_additions-1.21.1-21.3.0.jar	
ars_controle-1.21.1-1.6.15	ars_controle-1.21.1-1.6.15.jar	
ars_creo	ars_creo-1.21.1-5.4.0.jar	ars_creo-1.20.1-4.3.0.jar
ars_elemancy-1.21.1-1.18.3	ars_elemancy-1.21.1-1.18.3.jar	
ars_elemental	ars_elemental-1.21.1-0.7.10.1.jar	ars_elemental-1.20.1-0.6.7.8.jar
ars_nouveau	ars_nouveau-1.21.1-5.13.0.jar	ars_nouveau-1.20.1-4.12.7-all.jar
ars_ocultas	ars_ocultas-1.21.1-2.5.0.jar	ars_ocultas-1.20.1-1.2.2-all.jar
ars_polymorphia-1.0.3	ars_polymorphia-1.0.3.jar	
ars_technica-1.21.1-2.7.6	ars_technica-1.21.1-2.7.6.jar	
ars_unification-1.2.19	ars_unification-1.2.19.jar	
arseng	arseng-2.1.1-beta.jar	arseng-1.2.0.jar
artifacts	artifacts-neoforge-13.2.1.jar	artifacts-forge-9.5.16.jar
athena	athena-neoforge-1.21.1-4.0.6.jar	athena-forge-1.20.1-3.1.2.jar
atlas_api-1.21.1-1.2.0	atlas_api-1.21.1-1.2.0.jar	
attributefix	attributefix-neoforge-1.21.1-21.1.3.jar	AttributeFix-Forge-1.20.1-21.0.4.jar
balm	balm-neoforge-1.21.1-21.0.64.jar	balm-forge-1.20.1-7.3.37-all.jar
bhc	baubley-heart-canisters-1.21.1-1.4.1.jar	baubley-heart-canisters-1.20.1-1.1.1.jar
bellsandwhistles-0.4.7-1.21.1	bellsandwhistles-0.4.7-1.21.1.jar	
bcc	better-compatability-checker-neoforge-21.1.8.jar	BetterCompatibilityChecker-forge-4.0.8+mc1.20.1.jar
bibliobiomes-1.21.1-1.6.1	bibliobiomes-1.21.1-1.6.1.jar	
bibliocraft-1.21.1-1.6.5	bibliocraft-1.21.1-1.6.5.jar	
bibliowoods-1.21.1-1.6.2	bibliowoods-1.21.1-1.6.2.jar	
blockui	blockui-1.0.211-1.21.1-snapshot.jar	blockui-1.20.1-1.0.194.jar
blueflame	blueflame-1.21.1-1.1.1.jar	blueflame-1.20.0-1.0.3.jar
bookshelf	bookshelf-neoforge-1.21.1-21.1.81.jar	Bookshelf-Forge-1.20.1-20.2.13.jar
botanypots	botanypots-neoforge-1.21.1-21.1.44.jar	BotanyPots-Forge-1.20.1-13.0.41.jar
botanypotsmystical-neoforge-1.21.1-21.1.12	botanypotsmystical-neoforge-1.21.1-21.1.12.jar	
botanytrees	botanytrees-neoforge-1.21.1-21.1.7.jar	BotanyTrees-Forge-1.20.1-9.0.19.jar
buildinggadgets2	buildinggadgets2-1.3.9.jar	buildinggadgets2-1.0.8.jar
bwncr	bwncr-neoforge-1.21.1-3.20.4.jar	bwncr-forge-1.20.1-3.17.2.jar
cabletiers	cabletiers-neoforge-1.21.1-0.6.13.jar	cabletiers-1.20.1-1.2.2.jar
caelus	caelus-neoforge-7.0.1+1.21.1.jar	caelus-forge-3.2.0+1.20.1.jar
camol-1.21.1-0.3.1	camol-1.21.1-0.3.1.jar	
catjammies-1.21-1.7.1	catjammies-1.21-1.7.1.jar	
computercraft	cc-tweaked-1.21.1-forge-1.113.1.jar	cc-tweaked-1.20.1-forge-1.113.1.jar
cc-tweaked-1.21.1-forge-1.120.0	cc-tweaked-1.21.1-forge-1.120.0.jar	
charginggadgets	charginggadgets-1.14.1.jar	charginggadgets-1.11.0.jar
chipped	chipped-neoforge-1.21.1-4.0.2.jar	chipped-forge-1.20.1-3.0.7.jar
chisel-neoforge-2.0.1_mc1.21.1	chisel-neoforge-2.0.1+mc1.21.1.jar	
chromacarvings-1.21.1-0.2.0	chromacarvings-1.21.1-0.2.0.jar	
cleanswing	cleanswing-1.9.jar	cleanswing-1.20-1.8.jar
cloth_config	cloth-config-15.0.140-neoforge.jar	cloth-config-11.1.136-forge.jar
cobblegengalore-1.21.1-0.2.9	cobblegengalore-1.21.1-0.2.9.jar	
cobweb-neoforge-1.21-1.4.0	cobweb-neoforge-1.21-1.4.0.jar	
colorfulhearts	colorfulhearts-neoforge-1.21.1-10.5.9.jar	colorfulhearts-forge-1.20.1-4.3.16.jar
colorwheel	colorwheel-neoforge-1.2.9+mc1.21.1.jar	colorwheel-forge-1.0.0+mc1.20.1.jar
colorwheel_patcher-neoforge-1.0.5_mc1.21.1	colorwheel_patcher-neoforge-1.0.5+mc1.21.1.jar	
comforts	comforts-neoforge-9.0.5+1.21.1.jar	comforts-forge-6.4.0+1.20.1.jar
commoncapabilities	commoncapabilities-1.21.1-neoforge-2.11.5-363.jar	CommonCapabilities-1.20.1-2.9.9.jar
compactmachines-neoforge-7.0.81	compactmachines-neoforge-7.0.81.jar	
connectedglass	connectedglass-1.1.14-neoforge-mc1.21.jar	connectedglass-1.1.14-forge-mc1.20.1.jar
connectivity	connectivity-1.21.1-7.6.jar	connectivity-1.20.1-7.2.jar
cookingforblockheads	cookingforblockheads-neoforge-1.21.1-21.1.24.jar	cookingforblockheads-forge-1.20.1-16.0.14.jar
cosmeticarmorreworked	cosmeticarmorreworked-1.21.1-v1-neoforge.jar	cosmeticarmorreworked-1.20.1-v1a.jar
crafting_on_a_stick	crafting_on_a_stick-1.21.0.6.jar	crafting-on-a-stick-1.20.1-1.1.5.jar
craftingtweaks	craftingtweaks-neoforge-1.21.1-21.1.10.jar	craftingtweaks-forge-1.20.1-18.2.6.jar
crashutilities	crashutilities-9.0.4.jar	crashutilities-8.1.4.jar
create	create-1.21.1-6.0.10.jar	create-1.20.1-6.0.6.jar
create_enchantment_industry	create-enchantment-industry-2.5.0.jar	create_enchantment_industry-1.3.3-for-create-6.0.6.jar
create_aquatic_ambitions-1.21.1-2.0.4	create_aquatic_ambitions-1.21.1-2.0.4.jar	
create_hypertube-0.6.0-NEOFORGE	create_hypertube-0.6.0-NEOFORGE.jar	
createaddition	createaddition-1.6.0.jar	createaddition-1.20.1-1.3.2.jar
cristellib	cristellib-neoforge-1.21.1-3.1.7.jar	cristellib-1.1.6-forge.jar
cryonicconfig-neoforge-1.0.0_mc1.21.11	cryonicconfig-neoforge-1.0.0+mc1.21.11.jar	
crystalix	crystalix-3.0.0.jar	crystalix-1.3.5_forge_1.20.1.jar
cupboard	cupboard-1.21.1-3.9.jar	cupboard-1.20.1-2.7.jar
curios	curios-neoforge-9.5.1+1.21.1.jar	curios-forge-5.14.1+1.20.1.jar
cyclopscore	cyclopscore-1.21.1-neoforge-1.29.2.jar	CyclopsCore-1.20.1-1.21.1.jar
darkmodeeverywhere	darkmodeeverywhere-neoforge-1.21.1-1.4.0.jar	DarkModeEverywhere-1.20.1-1.2.4.jar
deeperdarker	deeperdarker-neoforge-1.21.1-1.4.1.jar	deeperdarker-forge-1.20.1-1.3.3.jar
deimos-1.21.1-neoforge-2.7	deimos-1.21.1-neoforge-2.7.jar	
disenchanting_table-merged-1.21.1-5.0.2	disenchanting_table-merged-1.21.1-5.0.2.jar	
domum_ornamentum	domum-ornamentum-1.0.234-snapshot-main.jar	domum_ornamentum-1.20.1-1.0.291-snapshot-universal.jar
drippyloadingscreen_neoforge_3.1.5_MC_1.21.1	drippyloadingscreen_neoforge_3.1.5_MC_1.21.1.jar	
dummmmmmy-neoforge-1.21-2.1.0	dummmmmmy-neoforge-1.21-2.1.0.jar	
dyenamics	dyenamics-1.21.1-3.4.2.jar	dyenamics-1.20.1-3.2.0.jar
dyenamicsandfriends	dyenamicsandfriends-1.21.1-2.2.2.jar	dyenamicsandfriends-1.20.1-1.9.3.jar
dysoncubeproject-1.0.5	dysoncubeproject-1.0.5.jar	
easy_villagers	easy-villagers-neoforge-1.21.1-1.1.42.jar	easy-villagers-forge-1.20.1-1.1.35.jar
elevatorid	elevatorid-neoforge-1.21.1-1.11.4.jar	elevatorid-1.20.1-1.9.1-forge.jar
enchdesc-neoforge-1.21.1-21.1.10	enchdesc-neoforge-1.21.1-21.1.10.jar	
enderdrives-neoforge-1.21.1-1.4.4	enderdrives-neoforge-1.21.1-1.4.4.jar	
enderio	enderio-8.2.11-beta.jar	EnderIO-1.20.1-6.2.15-beta-all.jar
endermanoverhaul	endermanoverhaul-neoforge-1.21.1-2.0.3.jar	endermanoverhaul-forge-1.20.1-1.0.4.jar
energymeter	energymeter-neoforge-1.21.1-0.5.0.jar	energymeter-forge-1.20.1-1.0.0.jar
entangled	entangled-1.3.21-neoforge-mc1.21.jar	entangled-1.3.20-forge-mc1.20.4.jar
eternalstarlight-0.8.1_1.21.1_neoforge	eternalstarlight-0.8.1+1.21.1+neoforge.jar	
everythingcopper	everythingcopper-1.21.1-2.4.5.jar	everythingcopper-1.20.1-2.3.4.jar
evilcraft	evilcraft-1.21.1-neoforge-1.2.91-1002.jar	EvilCraft-1.20.1-1.2.58.jar
expandedae-2.1.1	expandedae-2.1.1.jar	
experiencelib-1.21.1-1.2.1	experiencelib-1.21.1-1.2.1.jar	
extended-industrialization-1.15.45-1.21.1	extended-industrialization-1.15.45-1.21.1.jar	
factory_blocks-neoforge-1.4.0_mc1.21.1	factory_blocks-neoforge-1.4.0+mc1.21.1.jar	
fancymenu_neoforge_3.9.9_MC_1.21.1	fancymenu_neoforge_3.9.9_MC_1.21.1.jar	
farmingforblockheads	farmingforblockheads-neoforge-1.21.1-21.1.13.jar	farmingforblockheads-forge-1.20.1-14.0.4.jar
ferritecore	ferritecore-7.0.3-neoforge.jar	ferritecore-6.0.1-forge.jar
fireproofboats-1.21.1-1.0.4	fireproofboats-1.21.1-1.0.4.jar	
flickerfix	flickerfix-1.21.1-6.1.0.jar	flickerfix-1.20.1-4.0.1.jar
forbidden_arcanus	forbidden_arcanus-2.6.1.jar	forbidden_arcanus-1.20.1-2.2.6.jar
formations-1.0.4-neoforge-mc1.21	formations-1.0.4-neoforge-mc1.21.jar	
formationsnether-1.0.5a-mc1.21_	formationsnether-1.0.5a-mc1.21+.jar	
formationsoverworld-1.0.5a-mc1.21_	formationsoverworld-1.0.5a-mc1.21+.jar	
framework-neoforge-1.21.1-0.13.11	framework-neoforge-1.21.1-0.13.11.jar	
ftbchunks	ftb-chunks-neoforge-2101.1.21.jar	ftb-chunks-forge-2001.3.6.jar
ftbessentials	ftb-essentials-neoforge-2101.1.10.jar	ftb-essentials-forge-2001.2.3.jar
ftb-filter-system-neoforge-21.1.4	ftb-filter-system-neoforge-21.1.4.jar	
ftb-jei-extras-21.1.7	ftb-jei-extras-21.1.7.jar	
ftblibrary	ftb-library-neoforge-2101.1.34.jar	ftb-library-forge-2001.2.10.jar
ftbquests	ftb-quests-neoforge-2101.1.29.jar	ftb-quests-forge-2001.4.14.jar
ftbranks	ftb-ranks-neoforge-2101.1.4.jar	ftb-ranks-forge-2001.1.7.jar
ftbteams	ftb-teams-neoforge-2101.1.10.jar	ftb-teams-forge-2001.3.1.jar
ftbultimine	ftb-ultimine-neoforge-2101.1.15.jar	ftb-ultimine-forge-2001.1.7.jar
ftbxmodcompat	ftb-xmod-compat-neoforge-21.1.10.jar	ftb-xmod-compat-forge-2.1.3.jar
ftbquestslangsplitter-1.0.6	ftbquestslangsplitter-1.0.6.jar	
fuelgoeshere	fuelgoeshere-1.21.1-1.2.0.jar	fuelgoeshere-1.20.0-1.0.1.jar
functionalstorage	functionalstorage-1.21.1-1.5.8.jar	functionalstorage-1.20.1-1.2.13.jar
fusion	fusion-1.3.12-neoforge-mc1.21.1.jar	fusion-1.2.11a-forge-mc1.20.1.jar
fzzy_config-0.7.6_1.21_neoforge	fzzy_config-0.7.6+1.21+neoforge.jar	
geckolib	geckolib-neoforge-1.21.1-4.9.2.jar	geckolib-forge-1.20.1-4.8.2.jar
generatorgalore	generatorgalore-1.21.1-1.6.3.jar	generatorgalore-1.20.1-1.2.4.jar
getittogetherdrops	getittogetherdrops-neoforge-1.21.5-1.4.jar	getittogetherdrops-forge-1.20-1.3.jar
guideme	guideme-21.1.17.jar	guideme-20.1.13.jar
handcrafted	handcrafted-neoforge-1.21.1-4.0.3.jar	handcrafted-forge-1.20.1-3.0.6.jar
hardenedarmadillos-1.21.1-0.2.0	hardenedarmadillos-1.21.1-0.2.0.jar	
herbsandharvest-1.21.1-17	herbsandharvest-1.21.1-17.jar	
heyberryshutup-1.21.0-2.0.4	heyberryshutup-1.21.0-2.0.4.jar	
iceandfire-2.0-beta.17	iceandfire-2.0-beta.17.jar	
illagerwarship-1.0.1-neoforge-1.21.1	illagerwarship-1.0.1-neoforge-1.21.1.jar	
imfast-NEOFORGE-1.0.2	imfast-NEOFORGE-1.0.2.jar	
incontrol-1.21-10.2.6	incontrol-1.21-10.2.6.jar	
industrialforegoingsouls	industrial-foregoing-souls-1.21.1-1.10.7.jar	industrial-foregoing-souls-1.20.1-1.0.9.jar
industrialforegoing	industrialforegoing-1.21-3.6.39.jar	industrial-foregoing-1.20.1-3.5.21.jar
industrialization_overdrive-1.12.1_1.21.1	industrialization_overdrive-1.12.1+1.21.1.jar	
integratedcrafting	integratedcrafting-1.21.1-neoforge-1.4.6-605.jar	IntegratedCrafting-1.20.1-1.3.0.jar
integrateddynamics	integrateddynamics-1.21.1-neoforge-1.33.4-1907.jar	IntegratedDynamics-1.20.1-1.28.1.jar
integratedscripting-1.21.1-neoforge-1.0.24-416	integratedscripting-1.21.1-neoforge-1.0.24-416.jar	
integratedterminals	integratedterminals-1.21.1-neoforge-1.7.0-800.jar	IntegratedTerminals-1.20.1-1.6.10.jar
integratedtunnels	integratedtunnels-1.21.1-neoforge-1.9.4-652.jar	IntegratedTunnels-1.20.1-1.9.0.jar
interdimensionalwirelesstransmitter-neoforge-1.21.1-0.1.5	interdimensionalwirelesstransmitter-neoforge-1.21.1-0.1.5.jar	
invasiveopts-1.0.22	invasiveopts-1.0.22.jar	
invtweaks	invtweaks-1.21.1-1.3.2.jar	invtweaks-1.20.1-1.2.2.jar
iris-neoforge-1.8.14-beta.1_mc1.21.1	iris-neoforge-1.8.14-beta.1+mc1.21.1.jar	
ironfurnaces	ironfurnaces-neoforge-1.21.1-4.3.2.jar	ironfurnaces-1.20.1-4.1.6.jar
irons_jewelry-1.21.1-2.0.2	irons_jewelry-1.21.1-2.0.2.jar	
irons_lib-1.21.1-2.1.0	irons_lib-1.21.1-2.1.0.jar	
irons_spellbooks	irons_spellbooks-1.21.1-3.16.2.jar	irons_spellbooks-1.20.1-3.4.0.11.jar
itemcollectors	itemcollectors-1.1.10-neoforge-mc1.21.jar	itemcollectors-1.1.11-forge-mc1.20.2.jar
jearchaeology	jearchaeology-1.21.1-1.2.0.jar	jearchaeology-1.20.1-1.0.4.jar
jei	jei-1.21.1-neoforge-19.43.0.392.jar	jei-1.20.1-forge-15.20.0.116.jar
journeymap	journeymap-neoforge-1.21.1-6.0.2.jar	journeymap-1.20.1-5.10.3-forge.jar
jumpboat	jumpboat-1.21.0-1.0.5.jar	jumpboat-1.20.0-1.0.5.jar
jupiter-2.3.7-1.21.1-neoforge	jupiter-2.3.7-1.21.1-neoforge.jar	
justdirethings-1.5.7	justdirethings-1.5.7.jar	
justenoughbreeding-neoforge-1.21.1-3.2.1	justenoughbreeding-neoforge-1.21.1-3.2.1.jar	
justzoom	justzoom_neoforge_2.1.0_MC_1.21.1.jar	justzoom_forge_2.1.1_MC_1.20.1.jar
keybindbundles-1.4.0	keybindbundles-1.4.0.jar	
konkrete	konkrete_neoforge_1.9.9_MC_1.21.jar	konkrete_forge_1.8.0_MC_1.20-1.20.1.jar
kotlinforforge-5.12.0-all	kotlinforforge-5.12.0-all.jar	
kubejs	kubejs-neoforge-2101.7.2-build.368.jar	kubejs-forge-2001.6.5-build.16.jar
kubejstweaks-1.0.6	kubejstweaks-1.0.6.jar	
laserbridges-1.21.1-neoforge-5.3	laserbridges-1.21.1-neoforge-5.3.jar	
laserio	laserio-1.9.11.jar	laserio-1.6.8.jar
lionfishapi	lionfishapi-3.1.jar	lionfishapi-2.4-Fix.jar
lithostitched	lithostitched-1.7.13-neoforge-21.1.jar	lithostitched-forge-1.20.1-1.4.11.jar
little-big-redstone-1.9.8-1.21.1	little-big-redstone-1.9.8-1.21.1.jar	
livingthings-neoforge-1.21.1-2.3.0	livingthings-neoforge-1.21.1-2.3.0.jar	
lmft-1.1.1_1.21.9-neoforge	lmft-1.1.1+1.21.9-neoforge.jar	
lootr	lootr-neoforge-1.21.1-1.11.37.122.jar	lootr-forge-1.20-0.7.35.93.jar
luminax-1.3.1_neoforge_1.21.1	luminax-1.3.1_neoforge_1.21.1.jar	
mahoutsukai	mahoutsukai-1.21.1-v1.36.27.jar	mahoutsukai-1.20.1-v1.34.78.jar
mcjtylib	mcjtylib-1.21-9.0.21.jar	mcjtylib-1.20-8.0.7.jar
mcwbridges	mcw-bridges-3.1.2-mc1.21.1neoforge.jar	mcw-bridges-3.1.0-mc1.20.1forge.jar
mcwdoors	mcw-doors-1.1.5-mc1.21.1neoforge.jar	mcw-doors-1.1.2-mc1.20.1forge.jar
mcwfurnitures	mcw-furniture-3.4.1-mc1.21.1neoforge.jar	mcw-furniture-3.3.0-mc1.20.1forge.jar
mcw-holidays-1.1.2-mc1.21.1neoforge	mcw-holidays-1.1.2-mc1.21.1neoforge.jar	
mcwlights	mcw-lights-1.1.5-mc1.21.1neoforge.jar	mcw-lights-1.1.2-mc1.20.1forge.jar
mcwfences	mcw-mcwfences-1.2.1-mc1.21.1neoforge.jar	mcw-fences-1.2.0-1.20.1forge.jar
mcwpaths	mcw-mcwpaths-1.1.1-mc1.21.1neoforge.jar	mcw-mcwpaths-1.1.1-mc1.20.1forge.jar
mcw-mcwstairs-1.0.2-mc1.21.1neoforge	mcw-mcwstairs-1.0.2-mc1.21.1neoforge.jar	
mcwwindows	mcw-mcwwindows-2.4.2-mc1.21.1neoforge.jar	mcw-mcwwindows-2.4.1-mc1.20.1forge.jar
mcwroofs	mcw-roofs-2.3.2-mc1.21.1neoforge.jar	mcw-roofs-2.3.2-mc1.20.1forge.jar
mcwtrpdoors	mcw-trapdoors-1.1.5-mc1.21.1neoforge.jar	mcw-trapdoors-1.1.4-mc1.20.1forge.jar
megacells	megacells-4.11.0.jar	megacells-forge-2.4.6-1.20.1.jar
mekanismcovers-1.3-BETA_1.21	mekanismcovers-1.3-BETA+1.21.jar	
mekanisticrouters-1.2.0	mekanisticrouters-1.2.0.jar	
mekmm-1.21.1-1.3.3	mekmm-1.21.1-1.3.3.jar	
melody_neoforge_1.0.10_MC_1.21	melody_neoforge_1.0.10_MC_1.21.jar	
memorysettings	memorysettings-1.21-6.0.jar	memorysettings-1.20.1-5.9.jar
merequester	merequester-neoforge-1.21.1-1.4.3.jar	merequester-forge-1.20.1-1.1.5.jar
merrymaking-1.21.1-16	merrymaking-1.21.1-16.jar	
mffs-5.4.44	mffs-5.4.44.jar	
mifa-neoforge-1.21.x-2.1.0	mifa-neoforge-1.21.x-2.1.0.jar	
minecolonies	minecolonies-1.1.1367-1.21.1-snapshot.jar	minecolonies-1.20.1-1.1.1065-snapshot.jar
mininggadgets	mininggadgets-1.18.7.jar	mininggadgets-1.15.6.jar
mob_grinding_utils	mob_grinding_utils-1.1.10+mc1.21.1.jar	mob_grinding_utils-1.20.1-1.1.0.jar
modelfix	modelfix-1.21-1.10.jar	modelfix-1.15.jar
modernfix	modernfix-neoforge-5.27.20+mc1.21.1.jar	modernfix-forge-5.24.4+mc1.20.1.jar
modonomicon	modonomicon-1.21.1-neoforge-1.120.4.jar	modonomicon-1.20.1-forge-1.79.2.jar
modularrouters	modular-routers-13.2.7+mc1.21.1.jar	modular-routers-12.1.1+mc1.20.1.jar
monolib-neoforge-1.21.1-4.1.0	monolib-neoforge-1.21.1-4.1.0.jar	
moogs_structures-neoforge-1.21.1-3.0.3	moogs_structures-neoforge-1.21.1-3.0.3.jar	
moonlight	moonlight-neoforge-1.21.1-3.3.0.jar	moonlight-1.20-2.16.14-forge.jar
moredragoneggs	moredragoneggs-5.0.jar	moredragoneggs-4.0.jar
moreoverlays	moreoverlays-1.24.2-mc1.21.1-neoforge.jar	moreoverlays-1.24.1-mc1.20.1-forge.jar
morered	morered-1.21.1-6.0.0.3.jar	morered-1.20.1-4.0.0.4.jar
mostructures-neoforge-1.6.0_1.21.1	mostructures-neoforge-1.6.0+1.21.1.jar	
multipiston	multipiston-1.2.58-1.21.1.jar	multipiston-1.20-1.2.43-RELEASE.jar
netherportalfix	netherportalfix-neoforge-1.21.1-21.1.1.jar	netherportalfix-forge-1.20-13.0.1.jar
not_enough_glyphs-1.21.1-4.6.1	not_enough_glyphs-1.21.1-4.6.1.jar	
notenoughanimations-neoforge-1.12.4-mc1.21.1	notenoughanimations-neoforge-1.12.4-mc1.21.1.jar	
novillagerdm	novillagerdm-1.21.1-6.0.0.jar	novillagerdm-1.20.1-5.0.0.jar
observable	observable-5.4.4.jar	observable-4.4.2.jar
occultism	occultism-1.21.1-neoforge-1.224.1.jar	occultism-1.20.1-1.152.1.jar
occultism_kubejs-1.21.1-neoforge-1.11.0	occultism_kubejs-1.21.1-neoforge-1.11.0.jar	
omegaconfig-neoforge-1.5.1	omegaconfig-neoforge-1.5.1.jar	
oracle_index-neoforge-1.3.1	oracle_index-neoforge-1.3.1.jar	
oritech-neoforge-1.21.1-1.2.10	oritech-neoforge-1.21.1-1.2.10.jar	
overloadedarmorbar-neoforge-1.21-2	overloadedarmorbar-neoforge-1.21-2.jar	
owo-lib-neoforge-0.12.15.5-beta.1_1.21	owo-lib-neoforge-0.12.15.5-beta.1+1.21.jar	
pamhc2crops-NEOFORGE-1.21.1-1.0.9	pamhc2crops-NEOFORGE-1.21.1-1.0.9.jar	
pamhc2foodcore-NEOFORGE-1.21.1-1.0.4	pamhc2foodcore-NEOFORGE-1.21.1-1.0.4.jar	
pamhc2foodextended-NEOFORGE-1.21.1-1.0.0	pamhc2foodextended-NEOFORGE-1.21.1-1.0.0.jar	
pamhc2trees-NEOFORGE-1.21.1-1.0.9	pamhc2trees-NEOFORGE-1.21.1-1.0.9.jar	
pipez	pipez-neoforge-1.21.1-1.2.31.jar	pipez-forge-1.20.1-1.2.26.jar
playeranimator	player-animation-lib-forge-2.0.4+1.21.1.jar	player-animation-lib-forge-1.0.2-rc1+1.20.jar
pneumaticcraft	pneumaticcraft-repressurized-8.2.23+mc1.21.1.jar	pneumaticcraft-repressurized-6.0.21+mc1.20.1.jar
pocketstorage-1.2.5_1.21.1-b3	pocketstorage-1.2.5+1.21.1-b3.jar	
polyeng	polyeng-0.4.1.jar	polyeng-forge-0.1.1-1.20.1.jar
polylib-2100.1.0-build.183-neoforge	polylib-2100.1.0-build.183-neoforge.jar	
polymorph	polymorph-neoforge-1.1.0+1.21.1.jar	polymorph-forge-0.49.10+1.20.1.jar
ponderjs	ponderjs-neoforge-1.21.1-2.4.0.jar	ponderjs-1.20.1-2.0.6.jar
potionsmaster	potionsmaster-21.1.113-1.0.1.jar	potionsmaster-1.20.1-47.1.70-0.6.0.jar
prickle-neoforge-1.21.1-21.1.11	prickle-neoforge-1.21.1-21.1.11.jar	
productivebees	productivebees-1.21.1-13.13.5.jar	productivebees-1.20.1-12.6.0.jar
productivemetalworks-1.21.1-1.15.0	productivemetalworks-1.21.1-1.15.0.jar	
productivetrees	productivetrees-1.21.1-1.0.0.jar	productivetrees-1.20.1-0.2.6.jar
pylons	pylons-1.21.1-5.4.2.jar	pylons-1.20.1-4.2.1.jar
railcraft	railcraft-reborn-1.21.1-1.2.10.jar	railcraft-reborn-1.20.1-1.1.10.jar
rangedpumps	rangedpumps-1.3.0.jar	rangedpumps-1.1.0.jar
reap-neoforge-1.21.1-1.1.2	reap-neoforge-1.21.1-1.1.2.jar	
rebind_narrator-1.21.1-neoforge-2025.12.23	rebind_narrator-1.21.1-neoforge-2025.12.23.jar	
rechiseled	rechiseled-1.2.5-neoforge-mc1.21.jar	rechiseled-1.1.6-forge-mc1.20.jar
rechiseled_chipped-2.0-1.21.1	rechiseled_chipped-2.0-1.21.1.jar	
rechiseledcreate	rechiseledcreate-1.1.1-neoforge-mc1.21.jar	rechiseledcreate-1.0.2b-forge-mc1.20.jar
redstonepen-1.21-neoforge-1.11.42	redstonepen-1.21-neoforge-1.11.42.jar	
refined-types-1.21.1-0.3.2	refined-types-1.21.1-0.3.2.jar	
refinedstorage-curios-integration-1.0.0	refinedstorage-curios-integration-1.0.0.jar	
refinedstorage-jei-integration-neoforge-1.0.0	refinedstorage-jei-integration-neoforge-1.0.0.jar	
refinedstorage-mekanism-integration-1.1.1	refinedstorage-mekanism-integration-1.1.1.jar	
refinedstorage	refinedstorage-neoforge-2.0.9.jar	refinedstorage-1.12.4.jar
refinedstorage-quartz-arsenal-neoforge-1.0.8	refinedstorage-quartz-arsenal-neoforge-1.0.8.jar	
refurbished_furniture-neoforge-1.21.1-1.0.22	refurbished_furniture-neoforge-1.21.1-1.0.22.jar	
regions_unexplored-neoforge-1.21.1-0.5.9	regions_unexplored-neoforge-1.21.1-0.5.9.jar	
relics-1.21.1-0.12.8	relics-1.21.1-0.12.8.jar	
reliquary	reliquary-1.21.1-2.0.77.1537.jar	reliquary-1.20.1-2.0.54.1304.jar
reliquified_artifacts-1.21.1-1.0.7	reliquified_artifacts-1.21.1-1.0.7.jar	
repeatable_trial_vaults-neoforge-1.21-1.0.3	repeatable_trial_vaults-neoforge-1.21-1.0.3.jar	
repurposed_structures	repurposed_structures-7.5.21+1.21.1-neoforge.jar	repurposed_structures-7.1.19+1.20.1-forge.jar
resourcefulconfig	resourcefulconfig-neoforge-1.21-3.0.11.jar	resourcefulconfig-forge-1.20.1-2.1.3.jar
resourcefullib	resourcefullib-neoforge-1.21-3.0.12.jar	resourcefullib-forge-1.20.1-2.1.29.jar
restrictions-1.21-7.0.3	restrictions-1.21-7.0.3.jar	
rftoolsbase	rftoolsbase-1.21-6.0.11.jar	rftoolsbase-1.20-5.0.6.jar
rftoolsbuilder	rftoolsbuilder-1.21-7.0.5.jar	rftoolsbuilder-1.20-6.0.8.jar
rftoolspower	rftoolspower-1.21-7.0.6.jar	rftoolspower-1.20-6.0.2.jar
rftoolsstorage	rftoolsstorage-1.21-6.0.5.jar	rftoolsstorage-1.20-5.0.3.jar
rftoolsutility	rftoolsutility-1.21-7.0.12.jar	rftoolsutility-1.20-6.0.6.jar
rhino	rhino-2101.2.7-build.81.jar	rhino-forge-2001.2.3-build.10.jar
sawmill-neoforge-1.21-1.7.7	sawmill-neoforge-1.21-1.7.7.jar	
sgearmetalworks-1.21.1-1.5.0	sgearmetalworks-1.21.1-1.5.0.jar	
shiny-1.21.1-1.3.0	shiny-1.21.1-1.3.0.jar	
shrink	shrink-2.0.1.47-neoforge.jar	Shrink-1.20.1-1.4.5.jar
silentgear	silent-gear-1.21.1-neoforge-4.2.1.1.jar	silent-gear-1.20.1-3.6.7.jar
silentlib	silent-lib-1.21.1-neoforge-10.6.0.jar	silent-lib-1.20.1-8.0.0.jar
silentgems-1.21.1-neoforge-5.1.3	silentgems-1.21.1-neoforge-5.1.3.jar	
simple_weather-1.0.13-hotfix	simple_weather-1.0.13-hotfix.jar	
simplemagnets	simplemagnets-1.1.12c-neoforge-mc1.21.jar	simplemagnets-1.1.12-forge-mc1.20.1.jar
simplylight	simplylight-1.5.3+1.21.1-b4.jar	simplylight-1.20.1-1.4.6-build.50.jar
smithingtemplateviewer-1.0.4	smithingtemplateviewer-1.0.4.jar	
sodium-extra-neoforge-0.9.3_mc1.21.1	sodium-extra-neoforge-0.9.3+mc1.21.1.jar	
sodium-neoforge-0.8.13-beta.1_mc1.21.1	sodium-neoforge-0.8.13-beta.1+mc1.21.1.jar	
solcarrot	solcarrot-1.21.1-1.16.6.jar	solcarrot-1.20.1-1.15.1.jar
sophisticatedbackpacks	sophisticatedbackpacks-1.21.1-3.25.73.2020.jar	sophisticatedbackpacks-1.20.1-3.24.9.1391.jar
sophisticatedbackpackscreateintegration-1.21.1-0.1.8.134	sophisticatedbackpackscreateintegration-1.21.1-0.1.8.134.jar	
sophisticatedcore	sophisticatedcore-1.21.1-1.4.80.2194.jar	sophisticatedcore-1.20.1-1.2.105.1230.jar
sophisticatedstorage	sophisticatedstorage-1.21.1-1.5.83.2017.jar	sophisticatedstorage-1.20.1-1.4.11.1344.jar
sophisticatedstoragecreateintegration-1.21.1-0.1.21.209	sophisticatedstoragecreateintegration-1.21.1-0.1.21.209.jar	
sophisticatedstorageinmotion-1.21.1-0.10.33.324	sophisticatedstorageinmotion-1.21.1-0.10.33.324.jar	
soulplied_energistics-1.0.3	soulplied_energistics-1.0.3.jar	
spark	spark-1.10.124-neoforge.jar	spark-1.10.53-forge.jar
starbunclemania-1.21.1-1.5.7	starbunclemania-1.21.1-1.5.7.jar	
stevescarts-1.21-1.2.18-neoforge	stevescarts-1.21-1.2.18-neoforge.jar	
storagedelight-26.07.01a-1.21-neoforge	storagedelight-26.07.01a-1.21-neoforge.jar	
structurize	structurize-1.0.832-1.21.1-snapshot.jar	structurize-1.20.1-1.0.784-snapshot.jar
stylecolonies	stylecolonies-1.15.56-1.21.1.jar	stylecolonies-1.20.1-1.15.39.jar
supermartijn642configlib	supermartijn642configlib-1.1.8-neoforge-mc1.21.jar	supermartijn642configlib-1.1.8-forge-mc1.20.jar
supermartijn642corelib	supermartijn642corelib-1.1.22-neoforge-mc1.21.jar	supermartijn642corelib-1.1.18-forge-mc1.20.1.jar
supplementaries	supplementaries-neoforge-1.21.1-3.8.5.jar	supplementaries-1.20-3.1.40.jar
sushigocrafting	sushigocrafting-1.21-0.6.5.jar	sushigocrafting-1.20.1-0.5.3.jar
sussysniffers-1.21.1-0.1.3	sussysniffers-1.21.1-0.1.3.jar	
t_and_t	t_and_t-neoforge-fabric-1.13.9+1.21.1.jar	Towns-and-Towers-1.12-Fabric+Forge.jar
tempad	tempad-1.21.1-3.0.4-all.jar	tempad-forge-1.20.1-2.3.4.jar
tesseract-api-neoforge-1.12.13-1.21.1	tesseract-api-neoforge-1.12.13-1.21.1.jar	
the_bumblezone-7.15.3_1.21.1-neoforge	the_bumblezone-7.15.3+1.21.1-neoforge.jar	
theurgy	theurgy-1.21.1-neoforge-1.76.0.jar	theurgy-1.20.1-1.25.0.jar
theurgy_kubejs-1.21.1-neoforge-1.5.1	theurgy_kubejs-1.21.1-neoforge-1.5.1.jar	
tiab	tiab-neoforge-6.5.4.jar	time-in-a-bottle-4.0.4-mc1.20.1.jar
titanium	titanium-1.21-4.0.45.jar	titanium-1.20.1-3.8.32.jar
tombstone	tombstone-neoforge-1.21.1-9.5.3.jar	tombstone-1.20.1-9.0.9.jar
torchmaster	torchmaster-neoforge-1.21.1-21.1.9.jar	torchmaster-20.1.9.jar
towntalk	towntalk-1.2.0.jar	towntalk-1.20.1-1.1.0.jar
transfer_labels-0.1.8	transfer_labels-0.1.8.jar	
trashcans	trashcans-1.0.18c-neoforge-mc1.21.jar	trashcans-1.0.18b-forge-mc1.20.jar
trashslot	trashslot-neoforge-1.21.1-21.1.11.jar	trashslot-forge-1.20-15.1.2.jar
treetap-1.21.1-0.4.6	treetap-1.21.1-0.4.6.jar	
trophymanager-1.21.1-2.5.0	trophymanager-1.21.1-2.5.0.jar	
twilightforest	twilightforest-1.21.1-4.8.3345-universal.jar	twilightforest-1.20.1-4.3.2508-universal.jar
universalgrid	universalgrid-neoforge-1.21.1-0.3.2.jar	universalgrid-1.20.1-1.1.jar
uranus-2.4.1-1.21.1-neoforge	uranus-2.4.1-1.21.1-neoforge.jar	
utilitarian	utilitarian-1.21.1-0.19.2.jar	utilitarian-1.20.1-0.9.1.jar
utilityvest-1.3.0	utilityvest-1.3.0.jar	
valhelsia_core	valhelsia_core-neoforge-1.21.1-1.1.5.jar	valhelsia_core-forge-1.20.1-1.1.2.jar
variantsandventures-neoforge-1.0.26_mc1.21.1	variantsandventures-neoforge-1.0.26+mc1.21.1.jar	
villagesandpillages-neoforge-mc1.21.1-1.0.3	villagesandpillages-neoforge-mc1.21.1-1.0.3.jar	
waystones	waystones-neoforge-1.21.1-21.1.39.jar	waystones-forge-1.20.1-14.1.17.jar
wirelesschargers	wirelesschargers-1.0.9a-neoforge-mc1.21.jar	wirelesschargers-1.0.10-forge-mc1.20.4.jar
wits-neoforge-1.3.1	wits-neoforge-1.3.1.jar	
xnet	xnet-1.21-7.0.7.jar	xnet-1.20-6.1.6.jar
xtonesreworked-1.1.1-1.21.1	xtonesreworked-1.1.1-1.21.1.jar	
xycraft_core-0.7.53-all	xycraft_core-0.7.53-all.jar	
xycraft_machines-0.7.53	xycraft_machines-0.7.53.jar	
xycraft_override-0.7.53	xycraft_override-0.7.53.jar	
xycraft_world-0.7.53	xycraft_world-0.7.53.jar	
yeetusexperimentus	yeetusexperimentus-neoforge-87.0.0.jar	YeetusExperimentus-Forge-2.3.1-build.6+mc1.20.1.jar
yet_another_config_lib_v3-3.8.2_1.21.1-neoforge	yet_another_config_lib_v3-3.8.2+1.21.1-neoforge.jar	
