AE2-Things-1.2.1	CLEAN	0
AEAdditions-1.20.1-5.1.0	CLEAN	0
aeinfinitybooster	CLEAN	0
aiimprovements	CLEAN	0
Ad-Astra-Giselle-Addon-forge-1.20.1-6.20	CLEAN	0
quarryplus	ERRORS	4
advanced_ae	CLEAN	0
advancedperipherals	ERRORS	2
apotheosis	ERRORS	14
ApothicAttributes-1.20.1-1.3.7	CLEAN	0
appmek	CLEAN	0
appflux	CLEAN	0
aquaculture	CLEAN	0
attributefix	CLEAN	0
BambooEverything-forge-3.0.3_mc1.20.1	CLEAN	0
betteradvancements	CLEAN	0
bcc	CLEAN	0
BetterF3-7.0.2-Forge-1.20.1	CLEAN	0
BiomesOPlenty-forge-1.20.1-19.0.0.96	ERRORS	2
bookshelf	ERRORS	1
Botania-1.20.1-450-FORGE	ERRORS	6
botanypots	CLEAN	0
botanytrees	CLEAN	0
brandonscore	ERRORS	1
Chimes-v2.0.1-1.20.1	CLEAN	0
clumps	CLEAN	0
codechickenlib	ERRORS	1
commoncapabilities	CLEAN	0
controlling	ERRORS	4
corgilib	ERRORS	1
crash_assistant	ERRORS	1
Croptopia-1.20.1-FORGE-3.0.4	ERRORS	1
cucumber	CLEAN	0
cyclopscore	CLEAN	0
darkmodeeverywhere	CLEAN	0
DarkPaintings-Forge-1.20.1-17.0.5	CLEAN	0
DarkUtilities-Forge-1.20.1-17.0.5	ERRORS	1
DefaultSettings-1.20.x-4.0.7-Forge	CLEAN	0
Delightful-1.20.1-3.7.6	ERRORS	2
dimstorage	ERRORS	3
Ding-1.20.1-Forge-1.4.1	CLEAN	0
draconicevolution	ERRORS	5
dungeoncrawl	CLEAN	0
dungeons_arise	CLEAN	0
edivadlib	CLEAN	0
enderio	ERRORS	8
EpheroLib-1.20.1-FORGE-1.2.0	CLEAN	0
euphoria_patcher	CLEAN	0
evilcraft	ERRORS	8
Exchangers-1.20.1-3.5.1	CLEAN	0
ExtendedAE-1.20-1.4.7-forge	CLEAN	0
extradisks	ERRORS	2
extrastorage	ERRORS	1
bigreactors	ERRORS	1
extremesoundmuffler	CLEAN	0
farmersdelight	ERRORS	11
fastfurnace	CLEAN	0
FastLeafDecay-32	CLEAN	0
fastsuite	CLEAN	0
fastbench	CLEAN	0
fluxnetworks	ERRORS	4
framedblocks	ERRORS	2
gateways	CLEAN	0
GlitchCore-forge-1.20.1-0.0.1.1	CLEAN	0
glodium	ERRORS	2
GravitationalModulatingAdditionalUnit-1.20.1-3.5	CLEAN	0
GunpowderLib-1.20.2-2.2.2	CLEAN	0
hostilenetworks	CLEAN	0
immersiveengineering	ERRORS	8
integratedcrafting	CLEAN	0
integrateddynamics	ERRORS	2
integratedterminals	ERRORS	2
integratedtunnels	ERRORS	1
ironjetpacks	ERRORS	4
JCPlugin-1.17.x-1.20.x-4.0.4-Forge	CLEAN	0
jade	CLEAN	0
JadeAddons-1.20.1-Forge-5.5.0	CLEAN	0
jei_mekanism_multiblocks	CLEAN	0
justenoughprofessions	CLEAN	0
JustEnoughResources-1.20.1-1.4.0.247	ERRORS	1
cataclysm	ERRORS	8
LibX-1.20.1-5.0.14	ERRORS	11
Mantle-1.20.1-1.11.79	ERRORS	5
measurements	CLEAN	0
mekanism	ERRORS	18
mekanismgenerators	CLEAN	0
mekanismtools	CLEAN	0
MobDespawnTimers-1.20.1-3.0.1	CLEAN	0
mousetweaks	CLEAN	0
mysticalagradditions	CLEAN	0
mysticalagriculture	ERRORS	4
mysticalcustomization	CLEAN	0
MythicBotany-1.20.1-4.0.4	ERRORS	5
naturesaura	ERRORS	4
naturescompass	CLEAN	0
nochatreports	ERRORS	2
PackMenu-1.20.1-6.1.2	ERRORS	3
PackingTape-1.20.1-0.14.4	ERRORS	1
Paraglider-forge-20.1.3	CLEAN	0
patchouli	CLEAN	0
PigPen-Forge-1.20.1-15.0.2	CLEAN	0
placebo	CLEAN	0
Potion-Blender-1.20.1-FORGE-3.1.2	CLEAN	0
powah	CLEAN	0
Psi-1.20.1-102	ERRORS	2
Quark-4.0-462	ERRORS	13
RSInfinityBooster-1.20.1-1.0_39	CLEAN	0
Runelic-Forge-1.20.1-18.0.2	CLEAN	0
ScalableCatsForce-3.3.1-build-0-with-library	CLEAN	0
searchables	CLEAN	0
shrink	CLEAN	0
simplebackups	CLEAN	0
smartbrainlib	ERRORS	2
Stargate_Journey-1.20.1-0.6.42	ERRORS	3
Steam_Rails-1.6.13-alpha_forge-mc1.20.1	ERRORS	4
structory	CLEAN	0
StructureCompass-1.20.1-2.2.0	CLEAN	0
sfm	CLEAN	0
TConstruct-1.20.1-3.10.2.92	ERRORS	14
terrablender	CLEAN	0
Terralith_1.20.x_v2.5.4	CLEAN	0
undergarden	ERRORS	14
ThermalExtra-3.2.7-1.20.1	ERRORS	1
toastcontrol	CLEAN	0
toolbelt	ERRORS	1
t_and_t	CLEAN	0
Twigs-1.20.1-3.1.0	ERRORS	2
UtilitiX-1.20.1-0.8.25	ERRORS	2
Voidscape-1.20.1-1.5.389	ERRORS	1
wstweaks	ERRORS	1
yeetusexperimentus	CLEAN	0
yungsapi	CLEAN	0
betterdeserttemples	CLEAN	0
betterdungeons	CLEAN	0
betterendisland	CLEAN	0
betterjungletemples	CLEAN	0
bettermineshafts	CLEAN	0
betterfortresses	CLEAN	0
betteroceanmonuments	CLEAN	0
betterstrongholds	CLEAN	0
betterwitchhuts	CLEAN	0
yungsextras	CLEAN	0
zerocore	ERRORS	1
Zeta-1.0-30	ERRORS	2
securitycraft	ERRORS	11
ctov	CLEAN	0
absentbydesign-1.20.1-1.9.0	CLEAN	0
ad_astra-forge-1.20.1-1.15.20	ERRORS	6
additional_lights	CLEAN	0
additionallanterns-1.1.2-forge-mc1.20.2	CLEAN	0
addonslib-1.20.1-1.5	CLEAN	0
advgenerators-1.6.0.6-mc1.20.1	CLEAN	0
ae2insertexportcard-1.20.1-1.3.0	CLEAN	0
ae2wtlib	CLEAN	0
aether	ERRORS	19
aiotbotania-1.20.1-4.0.6	CLEAN	0
alchemistry-1.20.1-2.3.4	ERRORS	1
alchemylib-1.20.1-1.0.30	ERRORS	1
allthearcanistgear	CLEAN	0
allthecompressed	CLEAN	0
alltheleaks	CLEAN	0
allthemodium	ERRORS	1
alltheores	CLEAN	0
allthetweaks	CLEAN	0
allthewizardgear	CLEAN	0
almostunified	CLEAN	0
amendments	ERRORS	2
angelring-1.20.1-2.3.1	CLEAN	0
appleskin	CLEAN	0
applied-botanics-forge-1.5.1	CLEAN	0
ae2	ERRORS	5
architectury	CLEAN	0
ars_creo	CLEAN	0
ars_elemental	ERRORS	4
ars_nouveau	ERRORS	14
ars_ocultas	CLEAN	0
arseng	CLEAN	0
artifacts	CLEAN	0
athena	ERRORS	1
balm	CLEAN	0
bhc	CLEAN	0
bdlib-1.27.0.8-mc1.20.1	ERRORS	1
betterp2p-1.5.0-forge	ERRORS	1
blockui	CLEAN	0
bloodmagic-1.20.1-3.3.3-45	ERRORS	7
blue_skies-1.20.1-1.3.31	ERRORS	10
blueflame	CLEAN	0
botarium-forge-1.20.1-2.3.4	ERRORS	2
buildinggadgets2	ERRORS	3
bwncr	CLEAN	0
cabletiers	CLEAN	0
caelus	CLEAN	0
caupona-1.20.1-0.4.13	ERRORS	2
computercraft	ERRORS	2
cc-tweaked-1.20.1-forge-1.116.1	ERRORS	4
cfm-forge-1.20.1-7.0.0-pre36	ERRORS	2
charginggadgets	CLEAN	0
charmofundying-forge-6.5.0_1.20.1	CLEAN	0
chemlib-1.20.1-2.0.19	ERRORS	1
chipped	CLEAN	0
cleanswing	CLEAN	0
clickadv-1.20.1-3.8	CLEAN	0
cloth_config	CLEAN	0
cofh_core-1.20.1-11.0.2.56	ERRORS	7
colorfulhearts	CLEAN	0
colorwheel	CLEAN	0
comforts	CLEAN	0
configuration-forge-1.20.1-3.1.0	CLEAN	0
connectedglass	ERRORS	1
connectivity	ERRORS	1
constructionwand-1.20.1-2.11	CLEAN	0
cookingforblockheads	ERRORS	1
corail_woodcutter-1.20.1-3.0.6	CLEAN	0
corn_delight-1.1.9-1.20.1	CLEAN	0
cosmeticarmorreworked	CLEAN	0
crafting_on_a_stick	CLEAN	0
craftingtweaks	ERRORS	1
crashutilities	ERRORS	2
create	ERRORS	12
create-new-age-forge-1.20.1-1.1.4	CLEAN	0
create_enchantment_industry	CLEAN	0
create_jetpack-forge-4.4.2	ERRORS	1
createaddition	CLEAN	0
createoreexcavation-1.20-1.6.4	CLEAN	0
creeperoverhaul	ERRORS	1
cristellib	CLEAN	0
crystalix	ERRORS	1
cupboard	ERRORS	1
curios	CLEAN	0
dankstorage-forge-1.20.1-15	ERRORS	3
deeperdarker	ERRORS	9
deepresonance-1.20-5.0.4	ERRORS	1
domum_ornamentum	CLEAN	0
durabilitytooltip-1.1.6-forge-mc1.20	CLEAN	0
dyenamics	ERRORS	2
dyenamicsandfriends	CLEAN	0
easy_villagers	CLEAN	0
eccentrictome-1.20.1-1.10.3	CLEAN	0
eidolon_repraised-1.20.1-0.3.9.1-alpha	ERRORS	8
elevatorid	CLEAN	0
elytraslot-forge-6.4.4_1.20.1	CLEAN	0
embeddium-0.3.31_mc1.20.1	ERRORS	3
enderchests-forge-1.20.1-1.4	CLEAN	0
endermanoverhaul	ERRORS	2
endersdelight-forge-1.20.1-1.1.3	CLEAN	0
endertanks-forge-1.20.1-1.5	ERRORS	1
ends_delight-2.5.1_forge.1.20.1	CLEAN	0
energymeter	CLEAN	0
ensorcellation-1.20.1-5.0.2.24	ERRORS	1
entangled	CLEAN	0
entityculling-forge-1.9.0-mc1.20.1	CLEAN	0
everythingcopper	ERRORS	3
farmingforblockheads	CLEAN	0
farsight-1.20.1-4.5	CLEAN	0
ferritecore	CLEAN	0
findme-3.2.3-forge	CLEAN	0
flib-1.20.1-0.0.15	ERRORS	1
flickerfix	CLEAN	0
forbidden_arcanus	ERRORS	8
ftbchunks	CLEAN	0
ftbessentials	CLEAN	0
ftblibrary	CLEAN	0
ftbquests	CLEAN	0
ftbranks	CLEAN	0
ftbteams	CLEAN	0
ftbultimine	CLEAN	0
ftbxmodcompat	CLEAN	0
fuelgoeshere	CLEAN	0
functionalstorage	ERRORS	2
fusion	ERRORS	2
geckolib	CLEAN	0
generatorgalore	CLEAN	0
getittogetherdrops	CLEAN	0
glassential	ERRORS	1
gtceu-1.20.1-7.2.0	ERRORS	18
guideme	CLEAN	0
handcrafted	CLEAN	0
harvestwithease-1.20.1-8.0.1.0-forge	CLEAN	0
hyperbox-1.20.1-4.0.2.0	ERRORS	1
industrialforegoing	ERRORS	3
industrialforegoingsouls	CLEAN	0
inventoryessentials-forge-1.20.1-8.2.12	CLEAN	0
invtweaks	CLEAN	0
ironfurnaces	ERRORS	1
irons_spellbooks	ERRORS	7
item-filters-forge-2001.1.0-build.59	CLEAN	0
itemcollectors	CLEAN	0
jearchaeology	CLEAN	0
jei	ERRORS	2
jmi-forge-1.20.1-0.14-48	CLEAN	0
journeymap	ERRORS	5
jumpboat	CLEAN	0
justzoom	CLEAN	0
konkrete	CLEAN	0
kotlinforforge-4.11.0-all	ERRORS	1
kubejs	ERRORS	5
laserio	ERRORS	2
ldlib-forge-1.20.1-1.0.45	ERRORS	2
lionfishapi	CLEAN	0
lithostitched	ERRORS	4
littlelogistics-mc1.20.1-v1.20.1.2	ERRORS	3
logprot-1.20.1-3.5	CLEAN	0
lootr	ERRORS	1
lost_aether_content-1.20.1-1.2.3	ERRORS	6
lostcities-1.20-7.4.5	ERRORS	2
mahoutsukai	ERRORS	3
maidensmerrymaking-1-20.1-7	ERRORS	3
matc-1.6.0	CLEAN	0
mcjtylib	ERRORS	4
mcwbridges	ERRORS	1
mcwdoors	ERRORS	1
mcwfences	ERRORS	1
mcwfurnitures	CLEAN	0
mcwlights	ERRORS	1
mcwpaths	ERRORS	1
mcwwindows	ERRORS	1
mcw-paintings-1.0.5-1.20.1forge	CLEAN	0
mcwroofs	ERRORS	1
mcwtrpdoors	ERRORS	1
mcwbiomesoplenty-1.20.1-1.2.1	CLEAN	0
megacells	CLEAN	0
mekalus-mc1.20.1-1.8.0.1	ERRORS	2
memorysettings	CLEAN	0
merequester	CLEAN	0
minecolonies	ERRORS	13
mininggadgets	ERRORS	1
mob_grinding_utils	ERRORS	2
modelfix	CLEAN	0
modernfix	ERRORS	8
modonomicon	CLEAN	0
modularrouters	ERRORS	4
moonlight	ERRORS	6
moredragoneggs	CLEAN	0
morejs-forge-1.20.1-0.10.1	ERRORS	1
moreoverlays	CLEAN	0
morered	ERRORS	1
multipiston	CLEAN	0
mysterious_mountain_lib-1.5.26-1.20.1	CLEAN	0
naturalist-forge-4.0.3-1.20.1	ERRORS	4
netherportalfix	CLEAN	0
nethersdelight-1.20.1-4.0	ERRORS	3
noflyzone-1.20.1-1.1.0	CLEAN	0
notrample-1.20.1-1.0.1	CLEAN	0
novillagerdm	CLEAN	0
observable	CLEAN	0
occultism	ERRORS	6
oceansdelight-1.0.2-1.20	CLEAN	0
oculus-mc1.20.1-1.8.0	ERRORS	2
packetfixer-3.3.0-1.18-1.20.4-merged	CLEAN	0
pipez	CLEAN	0
platforms-forge-1.20.1-1.2	ERRORS	1
playeranimator	CLEAN	0
pneumaticcraft	ERRORS	15
polyeng	CLEAN	0
polymorph	CLEAN	0
ponderjs	ERRORS	1
potionsmaster	CLEAN	0
productivebees	ERRORS	3
productivetrees	ERRORS	3
pylons	ERRORS	1
railcraft	ERRORS	8
rangedpumps	CLEAN	0
rebornstorage-1.20.1-5.0.7	CLEAN	0
rechiseled	CLEAN	0
rechiseledcreate	CLEAN	0
redstone_arsenal-1.20.1-8.0.1.24	CLEAN	0
refinedpolymorph-0.1.1-1.20.1	CLEAN	0
refinedstorage	CLEAN	0
refinedstorageaddons-0.10.0	CLEAN	0
reliquary	ERRORS	10
repurposed_structures	ERRORS	1
resourcefulconfig	CLEAN	0
resourcefullib	CLEAN	0
rftoolsbase	CLEAN	0
rftoolsbuilder	CLEAN	0
rftoolscontrol-1.20-7.0.3	CLEAN	0
rftoolspower	CLEAN	0
rftoolsstorage	CLEAN	0
rftoolsutility	CLEAN	0
rhino	ERRORS	1
rsinsertexportupgrade-1.20.1-1.4.0	CLEAN	0
rsrequestify-1.20.1-2.3.3	CLEAN	0
shetiphiancore-forge-1.20.1-1.5	CLEAN	0
silentgear	ERRORS	13
silentlib	ERRORS	2
simplemagnets	CLEAN	0
simplylight	CLEAN	0
sliceanddice-forge-3.5.2	CLEAN	0
sodiumdynamiclights-forge-1.0.10-1.20.1	CLEAN	0
sodiumoptionsapi-forge-1.0.10-1.20.1	CLEAN	0
solcarrot	CLEAN	0
sophisticatedbackpacks	CLEAN	0
sophisticatedcore	ERRORS	1
sophisticatedstorage	ERRORS	1
spark	ERRORS	1
sparsestructuresreforged-1.20.1-1.0.0	CLEAN	0
structure_gel-1.20.1-2.16.2	ERRORS	3
structurize	ERRORS	2
stylecolonies	CLEAN	0
supermartijn642configlib	CLEAN	0
supermartijn642corelib	CLEAN	0
supplementaries	ERRORS	8
sushigocrafting	ERRORS	2
tempad	ERRORS	1
thermal_cultivation-1.20.1-11.0.1.24	ERRORS	1
thermal_dynamics-1.20.1-11.0.1.23	CLEAN	0
thermal_expansion-1.20.1-11.0.1.29	CLEAN	0
thermal_foundation-1.20.1-11.0.6.70	ERRORS	3
thermal_innovation-1.20.1-11.0.1.23	CLEAN	0
thermal_integration-1.20.1-11.0.1.27	CLEAN	0
thermal_locomotion-1.20.1-11.0.1.19	CLEAN	0
theurgy	ERRORS	4
tiab	CLEAN	0
tinyredstone-1.20-5.0.3	ERRORS	1
titanium	ERRORS	2
tombstone	ERRORS	8
torchmaster	CLEAN	0
totw_modded-forge-1.20.1-1.0.6	CLEAN	0
towntalk	CLEAN	0
trashcans	CLEAN	0
trashslot	CLEAN	0
travelersbackpack-forge-1.20.1-9.1.44	ERRORS	3
twilightdelight-2.0.17	ERRORS	2
twilightforest	ERRORS	19
universalgrid	CLEAN	0
utilitarian	ERRORS	1
valhelsia_core	ERRORS	4
villagertools-1.20.1-1.0.3	CLEAN	0
voidtotem-forge-1.20-3.0.1	ERRORS	1
waystones	CLEAN	0
wirelesschargers	ERRORS	1
xnet	CLEAN	0
xnetgases-1.20.1-5.1.4	CLEAN	0
